eps,shape,dist,mode,epoch,sigma
0.2,r0.2_0,0.19490173266721242,scratch,0,0.5145256519317627
0.2,r0.2_0,0.19490173266721242,scratch,1,0.30106109380722046
0.2,r0.2_0,0.19490173266721242,scratch,2,0.2740629017353058
0.2,r0.2_0,0.19490173266721242,scratch,3,0.2421460598707199
0.2,r0.2_0,0.19490173266721242,scratch,4,0.20454956591129303
0.2,r0.2_0,0.19490173266721242,scratch,5,0.18440863490104675
0.2,r0.2_0,0.19490173266721242,scratch,6,0.16679908335208893
0.2,r0.2_0,0.19490173266721242,scratch,7,0.1551993191242218
0.2,r0.2_0,0.19490173266721242,scratch,8,0.1422237753868103
0.2,r0.2_0,0.19490173266721242,scratch,9,0.13714410364627838
0.2,r0.2_0,0.19490173266721242,scratch,10,0.13012313842773438
0.2,r0.2_0,0.19490173266721242,scratch,11,0.12627485394477844
0.2,r0.2_0,0.19490173266721242,scratch,12,0.11611228436231613
0.2,r0.2_0,0.19490173266721242,scratch,13,0.11551533639431
0.2,r0.2_0,0.19490173266721242,scratch,14,0.11343391239643097
0.2,r0.2_0,0.19490173266721242,scratch,15,0.11792352050542831
0.2,r0.2_0,0.19490173266721242,scratch,16,0.10883087664842606
0.2,r0.2_0,0.19490173266721242,scratch,17,0.10865725576877594
0.2,r0.2_0,0.19490173266721242,scratch,18,0.11011330038309097
0.2,r0.2_0,0.19490173266721242,scratch,19,0.10688994824886322
0.2,r0.2_0,0.19490173266721242,scratch,20,0.10702012479305267
0.2,r0.2_0,0.19490173266721242,scratch,21,0.09933289885520935
0.2,r0.2_0,0.19490173266721242,scratch,22,0.10411449521780014
0.2,r0.2_0,0.19490173266721242,scratch,23,0.10649608075618744
0.2,r0.2_0,0.19490173266721242,scratch,24,0.09514399617910385
0.2,r0.2_0,0.19490173266721242,scratch,25,0.09609773010015488
0.2,r0.2_0,0.19490173266721242,scratch,26,0.09882514923810959
0.2,r0.2_0,0.19490173266721242,scratch,27,0.09386835247278214
0.2,r0.2_0,0.19490173266721242,scratch,28,0.09322141855955124
0.2,r0.2_0,0.19490173266721242,scratch,29,0.09222937375307083
0.2,r0.2_0,0.19490173266721242,scratch,30,0.09483540058135986
0.2,r0.2_0,0.19490173266721242,scratch,31,0.09526312351226807
0.2,r0.2_0,0.19490173266721242,scratch,32,0.08750468492507935
0.2,r0.2_0,0.19490173266721242,scratch,33,0.08721712231636047
0.2,r0.2_0,0.19490173266721242,scratch,34,0.08542356640100479
0.2,r0.2_0,0.19490173266721242,scratch,35,0.0936817154288292
0.2,r0.2_0,0.19490173266721242,scratch,36,0.08399573713541031
0.2,r0.2_0,0.19490173266721242,scratch,37,0.0869055986404419
0.2,r0.2_0,0.19490173266721242,scratch,38,0.08587737381458282
0.2,r0.2_0,0.19490173266721242,scratch,39,0.08220533281564713
0.2,r0.2_0,0.19490173266721242,scratch,40,0.08464300632476807
0.2,r0.2_0,0.19490173266721242,scratch,41,0.08762827515602112
0.2,r0.2_0,0.19490173266721242,scratch,42,0.08340781182050705
0.2,r0.2_0,0.19490173266721242,scratch,43,0.08085863292217255
0.2,r0.2_0,0.19490173266721242,scratch,44,0.08130642026662827
0.2,r0.2_0,0.19490173266721242,scratch,45,0.07941338419914246
0.2,r0.2_0,0.19490173266721242,scratch,46,0.08224738389253616
0.2,r0.2_0,0.19490173266721242,scratch,47,0.08072669059038162
0.2,r0.2_0,0.19490173266721242,scratch,48,0.08092746883630753
0.2,r0.2_0,0.19490173266721242,scratch,49,0.08101950585842133
0.2,r0.2_0,0.19490173266721242,scratch,50,0.07975523918867111
0.2,r0.2_0,0.19490173266721242,scratch,51,0.08040209859609604
0.2,r0.2_0,0.19490173266721242,scratch,52,0.07774489372968674
0.2,r0.2_0,0.19490173266721242,scratch,53,0.07561727613210678
0.2,r0.2_0,0.19490173266721242,scratch,54,0.07513211667537689
0.2,r0.2_0,0.19490173266721242,scratch,55,0.07453525811433792
0.2,r0.2_0,0.19490173266721242,scratch,56,0.07704412937164307
0.2,r0.2_0,0.19490173266721242,scratch,57,0.0784565880894661
0.2,r0.2_0,0.19490173266721242,scratch,58,0.07621251046657562
0.2,r0.2_0,0.19490173266721242,scratch,59,0.07395023852586746
0.2,r0.2_0,0.19490173266721242,scratch,60,0.07316776365041733
0.2,r0.2_0,0.19490173266721242,scratch,61,0.07551275193691254
0.2,r0.2_0,0.19490173266721242,scratch,62,0.07512520253658295
0.2,r0.2_0,0.19490173266721242,scratch,63,0.07771365344524384
0.2,r0.2_0,0.19490173266721242,scratch,64,0.07341039180755615
0.2,r0.2_0,0.19490173266721242,scratch,65,0.07267589867115021
0.2,r0.2_0,0.19490173266721242,scratch,66,0.07401518523693085
0.2,r0.2_0,0.19490173266721242,scratch,67,0.0737094134092331
0.2,r0.2_0,0.19490173266721242,scratch,68,0.07574163377285004
0.2,r0.2_0,0.19490173266721242,scratch,69,0.0709940642118454
0.2,r0.2_0,0.19490173266721242,scratch,70,0.07416986674070358
0.2,r0.2_0,0.19490173266721242,scratch,71,0.07103406637907028
0.2,r0.2_0,0.19490173266721242,scratch,72,0.07222927361726761
0.2,r0.2_0,0.19490173266721242,scratch,73,0.07222922146320343
0.2,r0.2_0,0.19490173266721242,scratch,74,0.0673862174153328
0.2,r0.2_0,0.19490173266721242,scratch,75,0.06794086843729019
0.2,r0.2_0,0.19490173266721242,scratch,76,0.06983494758605957
0.2,r0.2_0,0.19490173266721242,scratch,77,0.06664188206195831
0.2,r0.2_0,0.19490173266721242,scratch,78,0.06586790829896927
0.2,r0.2_0,0.19490173266721242,scratch,79,0.06706070899963379
0.2,r0.2_0,0.19490173266721242,scratch,80,0.06656736880540848
0.2,r0.2_0,0.19490173266721242,scratch,81,0.06770551949739456
0.2,r0.2_0,0.19490173266721242,scratch,82,0.07098857313394547
0.2,r0.2_0,0.19490173266721242,scratch,83,0.06848779320716858
0.2,r0.2_0,0.19490173266721242,scratch,84,0.06609229743480682
0.2,r0.2_0,0.19490173266721242,scratch,85,0.06738155335187912
0.2,r0.2_0,0.19490173266721242,scratch,86,0.06463805586099625
0.2,r0.2_0,0.19490173266721242,scratch,87,0.06797537952661514
0.2,r0.2_0,0.19490173266721242,scratch,88,0.06608837097883224
0.2,r0.2_0,0.19490173266721242,scratch,89,0.06795497983694077
0.2,r0.2_0,0.19490173266721242,scratch,90,0.0689336359500885
0.2,r0.2_0,0.19490173266721242,scratch,91,0.06582917273044586
0.2,r0.2_0,0.19490173266721242,scratch,92,0.06779482960700989
0.2,r0.2_0,0.19490173266721242,scratch,93,0.06476559489965439
0.2,r0.2_0,0.19490173266721242,scratch,94,0.06561329215765
0.2,r0.2_0,0.19490173266721242,scratch,95,0.0663815513253212
0.2,r0.2_0,0.19490173266721242,scratch,96,0.06393035501241684
0.2,r0.2_0,0.19490173266721242,scratch,97,0.06688118726015091
0.2,r0.2_0,0.19490173266721242,scratch,98,0.06919260323047638
0.2,r0.2_0,0.19490173266721242,scratch,99,0.06465824693441391
0.2,r0.2_0,0.19490173266721242,scratch,100,0.06365557760000229
0.2,r0.2_0,0.19490173266721242,scratch,101,0.06518779695034027
0.2,r0.2_0,0.19490173266721242,scratch,102,0.0663694441318512
0.2,r0.2_0,0.19490173266721242,scratch,103,0.06418335437774658
0.2,r0.2_0,0.19490173266721242,scratch,104,0.06447336822748184
0.2,r0.2_0,0.19490173266721242,scratch,105,0.06451679766178131
0.2,r0.2_0,0.19490173266721242,scratch,106,0.06250891834497452
0.2,r0.2_0,0.19490173266721242,scratch,107,0.06549658626317978
0.2,r0.2_0,0.19490173266721242,scratch,108,0.06561917811632156
0.2,r0.2_0,0.19490173266721242,scratch,109,0.06482350081205368
0.2,r0.2_0,0.19490173266721242,scratch,110,0.06462576985359192
0.2,r0.2_0,0.19490173266721242,scratch,111,0.06434934586286545
0.2,r0.2_0,0.19490173266721242,scratch,112,0.06242361292243004
0.2,r0.2_0,0.19490173266721242,scratch,113,0.06423787772655487
0.2,r0.2_0,0.19490173266721242,scratch,114,0.061458609998226166
0.2,r0.2_0,0.19490173266721242,scratch,115,0.06267376989126205
0.2,r0.2_0,0.19490173266721242,scratch,116,0.06330091506242752
0.2,r0.2_0,0.19490173266721242,scratch,117,0.06167743727564812
0.2,r0.2_0,0.19490173266721242,scratch,118,0.06331512331962585
0.2,r0.2_0,0.19490173266721242,scratch,119,0.06420622766017914
0.2,r0.2_0,0.19490173266721242,scratch,120,0.06436225026845932
0.2,r0.2_0,0.19490173266721242,scratch,121,0.06279337406158447
0.2,r0.2_0,0.19490173266721242,scratch,122,0.061494044959545135
0.2,r0.2_0,0.19490173266721242,scratch,123,0.062480419874191284
0.2,r0.2_0,0.19490173266721242,scratch,124,0.06253838539123535
0.2,r0.2_0,0.19490173266721242,scratch,125,0.0607014037668705
0.2,r0.2_0,0.19490173266721242,scratch,126,0.06116197630763054
0.2,r0.2_0,0.19490173266721242,scratch,127,0.061538707464933395
0.2,r0.2_0,0.19490173266721242,scratch,128,0.06451291590929031
0.2,r0.2_0,0.19490173266721242,scratch,129,0.05991605296730995
0.2,r0.2_0,0.19490173266721242,scratch,130,0.061265382915735245
0.2,r0.2_0,0.19490173266721242,scratch,131,0.0617479607462883
0.2,r0.2_0,0.19490173266721242,scratch,132,0.06274551898241043
0.2,r0.2_0,0.19490173266721242,scratch,133,0.05861160531640053
0.2,r0.2_0,0.19490173266721242,scratch,134,0.058592382818460464
0.2,r0.2_0,0.19490173266721242,scratch,135,0.05934765189886093
0.2,r0.2_0,0.19490173266721242,scratch,136,0.06080110743641853
0.2,r0.2_0,0.19490173266721242,scratch,137,0.05924413725733757
0.2,r0.2_0,0.19490173266721242,scratch,138,0.059853531420230865
0.2,r0.2_0,0.19490173266721242,scratch,139,0.06000823155045509
0.2,r0.2_0,0.19490173266721242,scratch,140,0.058977141976356506
0.2,r0.2_0,0.19490173266721242,scratch,141,0.060818035155534744
0.2,r0.2_0,0.19490173266721242,scratch,142,0.06056428328156471
0.2,r0.2_0,0.19490173266721242,scratch,143,0.05950218811631203
0.2,r0.2_0,0.19490173266721242,scratch,144,0.05866101384162903
0.2,r0.2_0,0.19490173266721242,scratch,145,0.0608111247420311
0.2,r0.2_0,0.19490173266721242,scratch,146,0.05948171392083168
0.2,r0.2_0,0.19490173266721242,scratch,147,0.05849360674619675
0.2,r0.2_0,0.19490173266721242,scratch,148,0.05796440318226814
0.2,r0.2_0,0.19490173266721242,scratch,149,0.058917805552482605
0.2,r0.2_0,0.19490173266721242,scratch,150,0.058484964072704315
0.2,r0.2_0,0.19490173266721242,scratch,151,0.059627510607242584
0.2,r0.2_0,0.19490173266721242,scratch,152,0.05999433249235153
0.2,r0.2_0,0.19490173266721242,scratch,153,0.059878941625356674
0.2,r0.2_0,0.19490173266721242,scratch,154,0.05939329043030739
0.2,r0.2_0,0.19490173266721242,scratch,155,0.0598326250910759
0.2,r0.2_0,0.19490173266721242,scratch,156,0.059416547417640686
0.2,r0.2_0,0.19490173266721242,scratch,157,0.05866841971874237
0.2,r0.2_0,0.19490173266721242,scratch,158,0.05960846692323685
0.2,r0.2_0,0.19490173266721242,scratch,159,0.058540523052215576
0.2,r0.2_0,0.19490173266721242,scratch,160,0.05722915381193161
0.2,r0.2_0,0.19490173266721242,scratch,161,0.05784076824784279
0.2,r0.2_0,0.19490173266721242,scratch,162,0.058637961745262146
0.2,r0.2_0,0.19490173266721242,scratch,163,0.05894570052623749
0.2,r0.2_0,0.19490173266721242,scratch,164,0.05775679275393486
0.2,r0.2_0,0.19490173266721242,scratch,165,0.05765289440751076
0.2,r0.2_0,0.19490173266721242,scratch,166,0.05723758041858673
0.2,r0.2_0,0.19490173266721242,scratch,167,0.05663590878248215
0.2,r0.2_0,0.19490173266721242,scratch,168,0.0574595183134079
0.2,r0.2_0,0.19490173266721242,scratch,169,0.05632224678993225
0.2,r0.2_0,0.19490173266721242,scratch,170,0.057258229702711105
0.2,r0.2_0,0.19490173266721242,scratch,171,0.05757482722401619
0.2,r0.2_0,0.19490173266721242,scratch,172,0.05890793353319168
0.2,r0.2_0,0.19490173266721242,scratch,173,0.056972961872816086
0.2,r0.2_0,0.19490173266721242,scratch,174,0.059190500527620316
0.2,r0.2_0,0.19490173266721242,scratch,175,0.05799777805805206
0.2,r0.2_0,0.19490173266721242,scratch,176,0.05689011141657829
0.2,r0.2_0,0.19490173266721242,scratch,177,0.057717837393283844
0.2,r0.2_0,0.19490173266721242,scratch,178,0.057308219373226166
0.2,r0.2_0,0.19490173266721242,scratch,179,0.05706792324781418
0.2,r0.2_0,0.19490173266721242,scratch,180,0.059121061116456985
0.2,r0.2_0,0.19490173266721242,scratch,181,0.05731170251965523
0.2,r0.2_0,0.19490173266721242,scratch,182,0.05778028443455696
0.2,r0.2_0,0.19490173266721242,scratch,183,0.057482246309518814
0.2,r0.2_0,0.19490173266721242,scratch,184,0.057010192424058914
0.2,r0.2_0,0.19490173266721242,warm,0,0.12661311030387878
0.2,r0.2_0,0.19490173266721242,warm,1,0.05519142746925354
0.2,r0.2_0,0.19490173266721242,warm,2,0.05337004363536835
0.2,r0.2_0,0.19490173266721242,warm,3,0.0512290857732296
0.2,r0.2_0,0.19490173266721242,warm,4,0.04719950631260872
0.2,r0.2_0,0.19490173266721242,warm,5,0.04583211988210678
0.2,r0.2_0,0.19490173266721242,warm,6,0.04699987545609474
0.2,r0.2_0,0.19490173266721242,warm,7,0.046606555581092834
0.2,r0.2_0,0.19490173266721242,warm,8,0.04602223262190819
0.2,r0.2_0,0.19490173266721242,warm,9,0.043924540281295776
0.2,r0.2_0,0.19490173266721242,warm,10,0.04432782158255577
0.2,r0.2_0,0.19490173266721242,warm,11,0.043199099600315094
0.2,r0.2_0,0.19490173266721242,warm,12,0.044167157262563705
0.2,r0.2_0,0.19490173266721242,warm,13,0.04322582483291626
0.2,r0.2_0,0.19490173266721242,warm,14,0.04310184717178345
0.2,r0.2_0,0.19490173266721242,warm,15,0.04307356849312782
0.2,r0.2_0,0.19490173266721242,warm,16,0.04326064884662628
0.2,r0.2_0,0.19490173266721242,warm,17,0.044035084545612335
0.2,r0.2_0,0.19490173266721242,warm,18,0.042490068823099136
0.2,r0.2_0,0.19490173266721242,warm,19,0.041717614978551865
0.2,r0.2_0,0.19490173266721242,warm,20,0.04361516982316971
0.2,r0.2_0,0.19490173266721242,warm,21,0.042550425976514816
0.2,r0.2_0,0.19490173266721242,warm,22,0.043883178383111954
0.2,r0.2_0,0.19490173266721242,warm,23,0.04111597314476967
0.2,r0.2_0,0.19490173266721242,warm,24,0.04394799843430519
0.2,r0.2_0,0.19490173266721242,warm,25,0.04269356280565262
0.2,r0.2_0,0.19490173266721242,warm,26,0.04170861095190048
0.2,r0.2_0,0.19490173266721242,warm,27,0.041729021817445755
0.2,r0.2_0,0.19490173266721242,warm,28,0.040903039276599884
0.2,r0.2_0,0.19490173266721242,warm,29,0.041707880795001984
0.2,r0.2_0,0.19490173266721242,warm,30,0.042872004210948944
0.2,r0.2_0,0.19490173266721242,warm,31,0.04158257320523262
0.2,r0.2_0,0.19490173266721242,warm,32,0.0417298749089241
0.2,r0.2_0,0.19490173266721242,warm,33,0.0420532152056694
0.2,r0.2_0,0.19490173266721242,warm,34,0.04037639498710632
0.2,r0.2_0,0.19490173266721242,warm,35,0.04180284962058067
0.2,r0.2_0,0.19490173266721242,warm,36,0.04195164889097214
0.2,r0.2_0,0.19490173266721242,warm,37,0.04104044288396835
0.2,r0.2_0,0.19490173266721242,warm,38,0.04044557735323906
0.2,r0.2_0,0.19490173266721242,warm,39,0.040997281670570374
0.2,r0.2_0,0.19490173266721242,warm,40,0.04148903116583824
0.2,r0.2_0,0.19490173266721242,warm,41,0.040895771235227585
0.2,r0.2_0,0.19490173266721242,warm,42,0.041418787091970444
0.2,r0.2_0,0.19490173266721242,warm,43,0.04144586995244026
0.2,r0.2_0,0.19490173266721242,warm,44,0.041359737515449524
0.2,r0.2_0,0.19490173266721242,warm,45,0.03981245681643486
0.2,r0.2_0,0.19490173266721242,warm,46,0.04099050164222717
0.2,r0.2_0,0.19490173266721242,warm,47,0.04026216268539429
0.2,r0.2_0,0.19490173266721242,warm,48,0.040989670902490616
0.2,r0.2_0,0.19490173266721242,warm,49,0.04084077849984169
0.2,r0.2_0,0.19490173266721242,warm,50,0.040965769439935684
0.2,r0.2_0,0.19490173266721242,warm,51,0.040966615080833435
0.2,r0.2_0,0.19490173266721242,warm,52,0.04085015505552292
0.2,r0.2_0,0.19490173266721242,warm,53,0.04109228774905205
0.2,r0.2_0,0.19490173266721242,warm,54,0.04112996906042099
0.2,r0.2_0,0.19490173266721242,warm,55,0.04032926261425018
0.2,r0.2_0,0.19490173266721242,warm,56,0.03960863873362541
0.2,r0.2_0,0.19490173266721242,warm,57,0.03985871374607086
0.2,r0.2_0,0.19490173266721242,warm,58,0.040566336363554
0.2,r0.2_0,0.19490173266721242,warm,59,0.03988100215792656
0.2,r0.2_0,0.19490173266721242,warm,60,0.04068305715918541
0.2,r0.2_0,0.19490173266721242,warm,61,0.040370311588048935
0.2,r0.2_0,0.19490173266721242,warm,62,0.04077788442373276
0.2,r0.2_0,0.19490173266721242,warm,63,0.03998647630214691
0.2,r0.2_0,0.19490173266721242,warm,64,0.041029393672943115
0.2,r0.2_0,0.19490173266721242,warm,65,0.03957933187484741
0.2,r0.2_0,0.19490173266721242,warm,66,0.04032494127750397
0.2,r0.2_0,0.19490173266721242,warm,67,0.03993363678455353
0.2,r0.2_0,0.19490173266721242,warm,68,0.041029129177331924
0.2,r0.2_0,0.19490173266721242,warm,69,0.041013602167367935
0.2,r0.2_0,0.19490173266721242,warm,70,0.03980286791920662
0.2,r0.2_0,0.19490173266721242,warm,71,0.040038056671619415
0.2,r0.2_0,0.19490173266721242,warm_rewarm,0,0.5118739604949951
0.2,r0.2_0,0.19490173266721242,warm_rewarm,1,0.26295116543769836
0.2,r0.2_0,0.19490173266721242,warm_rewarm,2,0.2204951047897339
0.2,r0.2_0,0.19490173266721242,warm_rewarm,3,0.1753709763288498
0.2,r0.2_0,0.19490173266721242,warm_rewarm,4,0.14510472118854523
0.2,r0.2_0,0.19490173266721242,warm_rewarm,5,0.12374041229486465
0.2,r0.2_0,0.19490173266721242,warm_rewarm,6,0.10962744057178497
0.2,r0.2_0,0.19490173266721242,warm_rewarm,7,0.10231678187847137
0.2,r0.2_0,0.19490173266721242,warm_rewarm,8,0.0907251164317131
0.2,r0.2_0,0.19490173266721242,warm_rewarm,9,0.084553062915802
0.2,r0.2_0,0.19490173266721242,warm_rewarm,10,0.08096113801002502
0.2,r0.2_0,0.19490173266721242,warm_rewarm,11,0.0755094438791275
0.2,r0.2_0,0.19490173266721242,warm_rewarm,12,0.0715559720993042
0.2,r0.2_0,0.19490173266721242,warm_rewarm,13,0.06944825500249863
0.2,r0.2_0,0.19490173266721242,warm_rewarm,14,0.06762850284576416
0.2,r0.2_0,0.19490173266721242,warm_rewarm,15,0.06609003990888596
0.2,r0.2_0,0.19490173266721242,warm_rewarm,16,0.0627308040857315
0.2,r0.2_0,0.19490173266721242,warm_rewarm,17,0.06442361325025558
0.2,r0.2_0,0.19490173266721242,warm_rewarm,18,0.06332268565893173
0.2,r0.2_0,0.19490173266721242,warm_rewarm,19,0.06115223094820976
0.2,r0.2_0,0.19490173266721242,warm_rewarm,20,0.0585775151848793
0.2,r0.2_0,0.19490173266721242,warm_rewarm,21,0.059145934879779816
0.2,r0.2_0,0.19490173266721242,warm_rewarm,22,0.05944623798131943
0.2,r0.2_0,0.19490173266721242,warm_rewarm,23,0.057081520557403564
0.2,r0.2_0,0.19490173266721242,warm_rewarm,24,0.05645802617073059
0.2,r0.2_0,0.19490173266721242,warm_rewarm,25,0.05427008867263794
0.2,r0.2_0,0.19490173266721242,warm_rewarm,26,0.05736237391829491
0.2,r0.2_0,0.19490173266721242,warm_rewarm,27,0.05420296639204025
0.2,r0.2_0,0.19490173266721242,warm_rewarm,28,0.05418584868311882
0.2,r0.2_0,0.19490173266721242,warm_rewarm,29,0.05409786105155945
0.2,r0.2_0,0.19490173266721242,warm_rewarm,30,0.053333885967731476
0.2,r0.2_0,0.19490173266721242,warm_rewarm,31,0.05418872460722923
0.2,r0.2_0,0.19490173266721242,warm_rewarm,32,0.05406586080789566
0.2,r0.2_0,0.19490173266721242,warm_rewarm,33,0.05297921597957611
0.2,r0.2_0,0.19490173266721242,warm_rewarm,34,0.05151116102933884
0.2,r0.2_0,0.19490173266721242,warm_rewarm,35,0.05087496340274811
0.2,r0.2_0,0.19490173266721242,warm_rewarm,36,0.051515303552150726
0.2,r0.2_0,0.19490173266721242,warm_rewarm,37,0.0517895370721817
0.2,r0.2_0,0.19490173266721242,warm_rewarm,38,0.05211424082517624
0.2,r0.2_0,0.19490173266721242,warm_rewarm,39,0.05235253646969795
0.2,r0.2_0,0.19490173266721242,warm_rewarm,40,0.049662813544273376
0.2,r0.2_0,0.19490173266721242,warm_rewarm,41,0.05034232884645462
0.2,r0.2_0,0.19490173266721242,warm_rewarm,42,0.050876881927251816
0.2,r0.2_0,0.19490173266721242,warm_rewarm,43,0.05054423585534096
0.2,r0.2_0,0.19490173266721242,warm_rewarm,44,0.04913269728422165
0.2,r0.2_0,0.19490173266721242,warm_rewarm,45,0.050027742981910706
0.2,r0.2_0,0.19490173266721242,warm_rewarm,46,0.049192849546670914
0.2,r0.2_0,0.19490173266721242,warm_rewarm,47,0.04954613745212555
0.2,r0.2_0,0.19490173266721242,warm_rewarm,48,0.0487217977643013
0.2,r0.2_0,0.19490173266721242,warm_rewarm,49,0.049035392701625824
0.2,r0.2_0,0.19490173266721242,warm_rewarm,50,0.04873424395918846
0.2,r0.2_0,0.19490173266721242,warm_rewarm,51,0.04791530221700668
0.2,r0.2_0,0.19490173266721242,warm_rewarm,52,0.04882793501019478
0.2,r0.2_0,0.19490173266721242,warm_rewarm,53,0.04861293360590935
0.2,r0.2_0,0.19490173266721242,warm_rewarm,54,0.04869597777724266
0.2,r0.2_0,0.19490173266721242,warm_rewarm,55,0.04824855551123619
0.2,r0.2_0,0.19490173266721242,warm_rewarm,56,0.04909450188279152
0.2,r0.2_0,0.19490173266721242,warm_rewarm,57,0.04846702143549919
0.2,r0.2_0,0.19490173266721242,warm_rewarm,58,0.04817356914281845
0.2,r0.2_0,0.19490173266721242,warm_rewarm,59,0.048056744039058685
0.2,r0.2_0,0.19490173266721242,warm_rewarm,60,0.04951072856783867
0.2,r0.2_0,0.19490173266721242,warm_rewarm,61,0.049421072006225586
0.2,r0.2_0,0.19490173266721242,warm_rewarm,62,0.04778433218598366
0.2,r0.2_0,0.19490173266721242,warm_rewarm,63,0.047252219170331955
0.2,r0.2_0,0.19490173266721242,warm_rewarm,64,0.047835834324359894
0.2,r0.2_0,0.19490173266721242,warm_rewarm,65,0.04669703543186188
0.2,r0.2_0,0.19490173266721242,warm_rewarm,66,0.04650954157114029
0.2,r0.2_0,0.19490173266721242,warm_rewarm,67,0.0468522384762764
0.2,r0.2_0,0.19490173266721242,warm_rewarm,68,0.046409234404563904
0.2,r0.2_0,0.19490173266721242,warm_rewarm,69,0.046962104737758636
0.2,r0.2_0,0.19490173266721242,warm_rewarm,70,0.0467519573867321
0.2,r0.2_0,0.19490173266721242,warm_rewarm,71,0.04632604122161865
0.2,r0.2_0,0.19490173266721242,warm_rewarm,72,0.047133319079875946
0.2,r0.2_0,0.19490173266721242,warm_rewarm,73,0.046752676367759705
0.2,r0.2_0,0.19490173266721242,warm_rewarm,74,0.04614876210689545
0.2,r0.2_0,0.19490173266721242,warm_rewarm,75,0.04805920645594597
0.2,r0.2_0,0.19490173266721242,warm_rewarm,76,0.04601643234491348
0.2,r0.2_0,0.19490173266721242,warm_rewarm,77,0.04610702767968178
0.2,r0.2_0,0.19490173266721242,warm_rewarm,78,0.04606172442436218
0.2,r0.2_0,0.19490173266721242,warm_rewarm,79,0.04594432935118675
0.2,r0.2_0,0.19490173266721242,warm_rewarm,80,0.046193040907382965
0.2,r0.2_0,0.19490173266721242,warm_rewarm,81,0.044638507068157196
0.2,r0.2_0,0.19490173266721242,warm_rewarm,82,0.04547837749123573
0.2,r0.2_0,0.19490173266721242,warm_rewarm,83,0.045770902186632156
0.2,r0.2_0,0.19490173266721242,warm_rewarm,84,0.045836832374334335
0.2,r0.2_0,0.19490173266721242,warm_rewarm,85,0.04512450098991394
0.2,r0.2_0,0.19490173266721242,warm_rewarm,86,0.045128148049116135
0.2,r0.2_0,0.19490173266721242,warm_rewarm,87,0.045770056545734406
0.2,r0.2_0,0.19490173266721242,warm_rewarm,88,0.0453275591135025
0.2,r0.2_0,0.19490173266721242,warm_rewarm,89,0.045505087822675705
0.2,r0.2_0,0.19490173266721242,warm_rewarm,90,0.046975016593933105
0.2,r0.2_0,0.19490173266721242,warm_rewarm,91,0.0450289361178875
0.2,r0.2_0,0.19490173266721242,warm_rewarm,92,0.04527854919433594
0.2,r0.2_0,0.19490173266721242,warm_rewarm,93,0.04508423060178757
0.2,r0.2_0,0.19490173266721242,warm_rewarm,94,0.04518664628267288
0.2,r0.2_0,0.19490173266721242,warm_rewarm,95,0.04460689052939415
0.2,r0.2_0,0.19490173266721242,warm_rewarm,96,0.044648513197898865
0.2,r0.2_1,0.19802007587885373,scratch,0,0.5240821242332458
0.2,r0.2_1,0.19802007587885373,scratch,1,0.2866297960281372
0.2,r0.2_1,0.19802007587885373,scratch,2,0.26502326130867004
0.2,r0.2_1,0.19802007587885373,scratch,3,0.2420913726091385
0.2,r0.2_1,0.19802007587885373,scratch,4,0.20442025363445282
0.2,r0.2_1,0.19802007587885373,scratch,5,0.1676342636346817
0.2,r0.2_1,0.19802007587885373,scratch,6,0.1514461487531662
0.2,r0.2_1,0.19802007587885373,scratch,7,0.14466404914855957
0.2,r0.2_1,0.19802007587885373,scratch,8,0.13391682505607605
0.2,r0.2_1,0.19802007587885373,scratch,9,0.130611851811409
0.2,r0.2_1,0.19802007587885373,scratch,10,0.12259499728679657
0.2,r0.2_1,0.19802007587885373,scratch,11,0.11491916328668594
0.2,r0.2_1,0.19802007587885373,scratch,12,0.11573273688554764
0.2,r0.2_1,0.19802007587885373,scratch,13,0.11784177273511887
0.2,r0.2_1,0.19802007587885373,scratch,14,0.10696391761302948
0.2,r0.2_1,0.19802007587885373,scratch,15,0.10706573724746704
0.2,r0.2_1,0.19802007587885373,scratch,16,0.10086113214492798
0.2,r0.2_1,0.19802007587885373,scratch,17,0.09818409383296967
0.2,r0.2_1,0.19802007587885373,scratch,18,0.09707387536764145
0.2,r0.2_1,0.19802007587885373,scratch,19,0.10127192735671997
0.2,r0.2_1,0.19802007587885373,scratch,20,0.09722428023815155
0.2,r0.2_1,0.19802007587885373,scratch,21,0.09542571008205414
0.2,r0.2_1,0.19802007587885373,scratch,22,0.09181664139032364
0.2,r0.2_1,0.19802007587885373,scratch,23,0.09597092121839523
0.2,r0.2_1,0.19802007587885373,scratch,24,0.0952155664563179
0.2,r0.2_1,0.19802007587885373,scratch,25,0.09339354932308197
0.2,r0.2_1,0.19802007587885373,scratch,26,0.08912433683872223
0.2,r0.2_1,0.19802007587885373,scratch,27,0.09294681251049042
0.2,r0.2_1,0.19802007587885373,scratch,28,0.08789235353469849
0.2,r0.2_1,0.19802007587885373,scratch,29,0.09282831847667694
0.2,r0.2_1,0.19802007587885373,scratch,30,0.0931001827120781
0.2,r0.2_1,0.19802007587885373,scratch,31,0.08587552607059479
0.2,r0.2_1,0.19802007587885373,scratch,32,0.08431379497051239
0.2,r0.2_1,0.19802007587885373,scratch,33,0.0825904980301857
0.2,r0.2_1,0.19802007587885373,scratch,34,0.08487346768379211
0.2,r0.2_1,0.19802007587885373,scratch,35,0.09005321562290192
0.2,r0.2_1,0.19802007587885373,scratch,36,0.08687502890825272
0.2,r0.2_1,0.19802007587885373,scratch,37,0.08396954089403152
0.2,r0.2_1,0.19802007587885373,scratch,38,0.0836394727230072
0.2,r0.2_1,0.19802007587885373,scratch,39,0.08238182216882706
0.2,r0.2_1,0.19802007587885373,scratch,40,0.08002030849456787
0.2,r0.2_1,0.19802007587885373,scratch,41,0.08061715960502625
0.2,r0.2_1,0.19802007587885373,scratch,42,0.08195549249649048
0.2,r0.2_1,0.19802007587885373,scratch,43,0.07908045500516891
0.2,r0.2_1,0.19802007587885373,scratch,44,0.08074677735567093
0.2,r0.2_1,0.19802007587885373,scratch,45,0.07949396222829819
0.2,r0.2_1,0.19802007587885373,scratch,46,0.07720337808132172
0.2,r0.2_1,0.19802007587885373,scratch,47,0.07579851895570755
0.2,r0.2_1,0.19802007587885373,scratch,48,0.07408012449741364
0.2,r0.2_1,0.19802007587885373,scratch,49,0.07813221961259842
0.2,r0.2_1,0.19802007587885373,scratch,50,0.07671036571264267
0.2,r0.2_1,0.19802007587885373,scratch,51,0.07187215983867645
0.2,r0.2_1,0.19802007587885373,scratch,52,0.07313846051692963
0.2,r0.2_1,0.19802007587885373,scratch,53,0.07714627683162689
0.2,r0.2_1,0.19802007587885373,scratch,54,0.07359600067138672
0.2,r0.2_1,0.19802007587885373,scratch,55,0.07171031087636948
0.2,r0.2_1,0.19802007587885373,scratch,56,0.07478539645671844
0.2,r0.2_1,0.19802007587885373,scratch,57,0.07123082876205444
0.2,r0.2_1,0.19802007587885373,scratch,58,0.07210766524076462
0.2,r0.2_1,0.19802007587885373,scratch,59,0.07038535177707672
0.2,r0.2_1,0.19802007587885373,scratch,60,0.06898768991231918
0.2,r0.2_1,0.19802007587885373,scratch,61,0.07274917513132095
0.2,r0.2_1,0.19802007587885373,scratch,62,0.07011927664279938
0.2,r0.2_1,0.19802007587885373,scratch,63,0.06752343475818634
0.2,r0.2_1,0.19802007587885373,scratch,64,0.06990231573581696
0.2,r0.2_1,0.19802007587885373,scratch,65,0.06960158050060272
0.2,r0.2_1,0.19802007587885373,scratch,66,0.06814447790384293
0.2,r0.2_1,0.19802007587885373,scratch,67,0.06813673675060272
0.2,r0.2_1,0.19802007587885373,scratch,68,0.06607768684625626
0.2,r0.2_1,0.19802007587885373,scratch,69,0.06514594703912735
0.2,r0.2_1,0.19802007587885373,scratch,70,0.06870696693658829
0.2,r0.2_1,0.19802007587885373,scratch,71,0.0640164464712143
0.2,r0.2_1,0.19802007587885373,scratch,72,0.06836126744747162
0.2,r0.2_1,0.19802007587885373,scratch,73,0.06895222514867783
0.2,r0.2_1,0.19802007587885373,scratch,74,0.06719803810119629
0.2,r0.2_1,0.19802007587885373,scratch,75,0.06732697039842606
0.2,r0.2_1,0.19802007587885373,scratch,76,0.0704709067940712
0.2,r0.2_1,0.19802007587885373,scratch,77,0.06696760654449463
0.2,r0.2_1,0.19802007587885373,scratch,78,0.06548023223876953
0.2,r0.2_1,0.19802007587885373,scratch,79,0.06447800993919373
0.2,r0.2_1,0.19802007587885373,scratch,80,0.06376087665557861
0.2,r0.2_1,0.19802007587885373,scratch,81,0.06340253353118896
0.2,r0.2_1,0.19802007587885373,scratch,82,0.06281287223100662
0.2,r0.2_1,0.19802007587885373,scratch,83,0.06236826255917549
0.2,r0.2_1,0.19802007587885373,scratch,84,0.06248967722058296
0.2,r0.2_1,0.19802007587885373,scratch,85,0.06405646353960037
0.2,r0.2_1,0.19802007587885373,scratch,86,0.06385362893342972
0.2,r0.2_1,0.19802007587885373,scratch,87,0.06081835553050041
0.2,r0.2_1,0.19802007587885373,scratch,88,0.06456349045038223
0.2,r0.2_1,0.19802007587885373,scratch,89,0.06285058706998825
0.2,r0.2_1,0.19802007587885373,scratch,90,0.0661127120256424
0.2,r0.2_1,0.19802007587885373,scratch,91,0.06013041362166405
0.2,r0.2_1,0.19802007587885373,scratch,92,0.06216444820165634
0.2,r0.2_1,0.19802007587885373,scratch,93,0.06656471639871597
0.2,r0.2_1,0.19802007587885373,scratch,94,0.06048078462481499
0.2,r0.2_1,0.19802007587885373,scratch,95,0.06313099712133408
0.2,r0.2_1,0.19802007587885373,scratch,96,0.0635107010602951
0.2,r0.2_1,0.19802007587885373,scratch,97,0.06110997125506401
0.2,r0.2_1,0.19802007587885373,scratch,98,0.06144595518708229
0.2,r0.2_1,0.19802007587885373,scratch,99,0.06149761751294136
0.2,r0.2_1,0.19802007587885373,scratch,100,0.05936174839735031
0.2,r0.2_1,0.19802007587885373,scratch,101,0.06078371778130531
0.2,r0.2_1,0.19802007587885373,scratch,102,0.06080962345004082
0.2,r0.2_1,0.19802007587885373,scratch,103,0.06280595809221268
0.2,r0.2_1,0.19802007587885373,scratch,104,0.060623858124017715
0.2,r0.2_1,0.19802007587885373,scratch,105,0.06217028200626373
0.2,r0.2_1,0.19802007587885373,scratch,106,0.0620100311934948
0.2,r0.2_1,0.19802007587885373,scratch,107,0.060476306825876236
0.2,r0.2_1,0.19802007587885373,scratch,108,0.06043199822306633
0.2,r0.2_1,0.19802007587885373,scratch,109,0.0599169060587883
0.2,r0.2_1,0.19802007587885373,scratch,110,0.05810078606009483
0.2,r0.2_1,0.19802007587885373,scratch,111,0.059329647570848465
0.2,r0.2_1,0.19802007587885373,scratch,112,0.059009891003370285
0.2,r0.2_1,0.19802007587885373,scratch,113,0.06180235743522644
0.2,r0.2_1,0.19802007587885373,scratch,114,0.059038061648607254
0.2,r0.2_1,0.19802007587885373,scratch,115,0.05959748476743698
0.2,r0.2_1,0.19802007587885373,scratch,116,0.058038171380758286
0.2,r0.2_1,0.19802007587885373,scratch,117,0.060116104781627655
0.2,r0.2_1,0.19802007587885373,scratch,118,0.0600740984082222
0.2,r0.2_1,0.19802007587885373,scratch,119,0.05903157964348793
0.2,r0.2_1,0.19802007587885373,scratch,120,0.05848904326558113
0.2,r0.2_1,0.19802007587885373,scratch,121,0.05704432725906372
0.2,r0.2_1,0.19802007587885373,scratch,122,0.05758048593997955
0.2,r0.2_1,0.19802007587885373,scratch,123,0.05944710969924927
0.2,r0.2_1,0.19802007587885373,scratch,124,0.05720427632331848
0.2,r0.2_1,0.19802007587885373,scratch,125,0.057784419506788254
0.2,r0.2_1,0.19802007587885373,scratch,126,0.057702839374542236
0.2,r0.2_1,0.19802007587885373,scratch,127,0.05933937430381775
0.2,r0.2_1,0.19802007587885373,scratch,128,0.05841931700706482
0.2,r0.2_1,0.19802007587885373,scratch,129,0.058883462101221085
0.2,r0.2_1,0.19802007587885373,scratch,130,0.05967191234230995
0.2,r0.2_1,0.19802007587885373,scratch,131,0.05826808139681816
0.2,r0.2_1,0.19802007587885373,scratch,132,0.05816943570971489
0.2,r0.2_1,0.19802007587885373,scratch,133,0.056446801871061325
0.2,r0.2_1,0.19802007587885373,scratch,134,0.05652398616075516
0.2,r0.2_1,0.19802007587885373,scratch,135,0.058779165148735046
0.2,r0.2_1,0.19802007587885373,scratch,136,0.05673637241125107
0.2,r0.2_1,0.19802007587885373,scratch,137,0.05662623792886734
0.2,r0.2_1,0.19802007587885373,scratch,138,0.0568079948425293
0.2,r0.2_1,0.19802007587885373,scratch,139,0.05615480989217758
0.2,r0.2_1,0.19802007587885373,scratch,140,0.05718423053622246
0.2,r0.2_1,0.19802007587885373,scratch,141,0.057536885142326355
0.2,r0.2_1,0.19802007587885373,scratch,142,0.056391578167676926
0.2,r0.2_1,0.19802007587885373,scratch,143,0.05581912025809288
0.2,r0.2_1,0.19802007587885373,scratch,144,0.05552629753947258
0.2,r0.2_1,0.19802007587885373,scratch,145,0.05633877217769623
0.2,r0.2_1,0.19802007587885373,scratch,146,0.055755048990249634
0.2,r0.2_1,0.19802007587885373,scratch,147,0.05612621456384659
0.2,r0.2_1,0.19802007587885373,scratch,148,0.056727632880210876
0.2,r0.2_1,0.19802007587885373,scratch,149,0.05454174801707268
0.2,r0.2_1,0.19802007587885373,scratch,150,0.054803214967250824
0.2,r0.2_1,0.19802007587885373,scratch,151,0.05658292770385742
0.2,r0.2_1,0.19802007587885373,scratch,152,0.05543028190732002
0.2,r0.2_1,0.19802007587885373,scratch,153,0.054374873638153076
0.2,r0.2_1,0.19802007587885373,scratch,154,0.056489236652851105
0.2,r0.2_1,0.19802007587885373,scratch,155,0.05585792288184166
0.2,r0.2_1,0.19802007587885373,scratch,156,0.0555671863257885
0.2,r0.2_1,0.19802007587885373,scratch,157,0.05446717143058777
0.2,r0.2_1,0.19802007587885373,scratch,158,0.05529440566897392
0.2,r0.2_1,0.19802007587885373,scratch,159,0.055288296192884445
0.2,r0.2_1,0.19802007587885373,scratch,160,0.0551568903028965
0.2,r0.2_1,0.19802007587885373,scratch,161,0.055041734129190445
0.2,r0.2_1,0.19802007587885373,scratch,162,0.0552547350525856
0.2,r0.2_1,0.19802007587885373,scratch,163,0.05535314977169037
0.2,r0.2_1,0.19802007587885373,scratch,164,0.0557369627058506
0.2,r0.2_1,0.19802007587885373,scratch,165,0.053547248244285583
0.2,r0.2_1,0.19802007587885373,scratch,166,0.054993852972984314
0.2,r0.2_1,0.19802007587885373,scratch,167,0.054977383464574814
0.2,r0.2_1,0.19802007587885373,scratch,168,0.05441856384277344
0.2,r0.2_1,0.19802007587885373,scratch,169,0.05404322221875191
0.2,r0.2_1,0.19802007587885373,scratch,170,0.05419095978140831
0.2,r0.2_1,0.19802007587885373,scratch,171,0.053556207567453384
0.2,r0.2_1,0.19802007587885373,scratch,172,0.05442489683628082
0.2,r0.2_1,0.19802007587885373,scratch,173,0.05550088360905647
0.2,r0.2_1,0.19802007587885373,scratch,174,0.053265899419784546
0.2,r0.2_1,0.19802007587885373,scratch,175,0.05437624081969261
0.2,r0.2_1,0.19802007587885373,scratch,176,0.053433649241924286
0.2,r0.2_1,0.19802007587885373,scratch,177,0.05522705614566803
0.2,r0.2_1,0.19802007587885373,scratch,178,0.05370650812983513
0.2,r0.2_1,0.19802007587885373,scratch,179,0.05361627787351608
0.2,r0.2_1,0.19802007587885373,scratch,180,0.05388026311993599
0.2,r0.2_1,0.19802007587885373,scratch,181,0.053786687552928925
0.2,r0.2_1,0.19802007587885373,scratch,182,0.05419178679585457
0.2,r0.2_1,0.19802007587885373,scratch,183,0.0532727912068367
0.2,r0.2_1,0.19802007587885373,scratch,184,0.053341466933488846
0.2,r0.2_1,0.19802007587885373,scratch,185,0.053990062326192856
0.2,r0.2_1,0.19802007587885373,scratch,186,0.05442140996456146
0.2,r0.2_1,0.19802007587885373,scratch,187,0.05375257879495621
0.2,r0.2_1,0.19802007587885373,scratch,188,0.05421499162912369
0.2,r0.2_1,0.19802007587885373,scratch,189,0.053414519876241684
0.2,r0.2_1,0.19802007587885373,warm,0,0.12915636599063873
0.2,r0.2_1,0.19802007587885373,warm,1,0.05288240686058998
0.2,r0.2_1,0.19802007587885373,warm,2,0.050025422126054764
0.2,r0.2_1,0.19802007587885373,warm,3,0.04693451523780823
0.2,r0.2_1,0.19802007587885373,warm,4,0.04532206803560257
0.2,r0.2_1,0.19802007587885373,warm,5,0.043118566274642944
0.2,r0.2_1,0.19802007587885373,warm,6,0.045852769166231155
0.2,r0.2_1,0.19802007587885373,warm,7,0.04556815326213837
0.2,r0.2_1,0.19802007587885373,warm,8,0.04276847839355469
0.2,r0.2_1,0.19802007587885373,warm,9,0.04384526610374451
0.2,r0.2_1,0.19802007587885373,warm,10,0.0421486459672451
0.2,r0.2_1,0.19802007587885373,warm,11,0.04199986904859543
0.2,r0.2_1,0.19802007587885373,warm,12,0.04116567596793175
0.2,r0.2_1,0.19802007587885373,warm,13,0.04010429605841637
0.2,r0.2_1,0.19802007587885373,warm,14,0.04067772999405861
0.2,r0.2_1,0.19802007587885373,warm,15,0.040569599717855453
0.2,r0.2_1,0.19802007587885373,warm,16,0.0401519350707531
0.2,r0.2_1,0.19802007587885373,warm,17,0.041371311992406845
0.2,r0.2_1,0.19802007587885373,warm,18,0.040141262114048004
0.2,r0.2_1,0.19802007587885373,warm,19,0.04021391272544861
0.2,r0.2_1,0.19802007587885373,warm,20,0.040681809186935425
0.2,r0.2_1,0.19802007587885373,warm,21,0.039761677384376526
0.2,r0.2_1,0.19802007587885373,warm,22,0.04061288386583328
0.2,r0.2_1,0.19802007587885373,warm,23,0.039960503578186035
0.2,r0.2_1,0.19802007587885373,warm,24,0.03927231952548027
0.2,r0.2_1,0.19802007587885373,warm,25,0.03984421119093895
0.2,r0.2_1,0.19802007587885373,warm,26,0.03896660357713699
0.2,r0.2_1,0.19802007587885373,warm,27,0.04050610959529877
0.2,r0.2_1,0.19802007587885373,warm,28,0.03820405155420303
0.2,r0.2_1,0.19802007587885373,warm,29,0.03893677517771721
0.2,r0.2_1,0.19802007587885373,warm,30,0.03936270996928215
0.2,r0.2_1,0.19802007587885373,warm,31,0.03904607519507408
0.2,r0.2_1,0.19802007587885373,warm,32,0.03850160911679268
0.2,r0.2_1,0.19802007587885373,warm,33,0.03968631103634834
0.2,r0.2_1,0.19802007587885373,warm,34,0.038358740508556366
0.2,r0.2_1,0.19802007587885373,warm,35,0.03862118721008301
0.2,r0.2_1,0.19802007587885373,warm,36,0.03945684805512428
0.2,r0.2_1,0.19802007587885373,warm,37,0.03923817723989487
0.2,r0.2_1,0.19802007587885373,warm,38,0.03936377912759781
0.2,r0.2_1,0.19802007587885373,warm,39,0.03858477249741554
0.2,r0.2_1,0.19802007587885373,warm,40,0.03810418024659157
0.2,r0.2_1,0.19802007587885373,warm,41,0.03833422437310219
0.2,r0.2_1,0.19802007587885373,warm,42,0.039014626294374466
0.2,r0.2_1,0.19802007587885373,warm,43,0.038739293813705444
0.2,r0.2_1,0.19802007587885373,warm_rewarm,0,0.5133509635925293
0.2,r0.2_1,0.19802007587885373,warm_rewarm,1,0.2485097497701645
0.2,r0.2_1,0.19802007587885373,warm_rewarm,2,0.20673246681690216
0.2,r0.2_1,0.19802007587885373,warm_rewarm,3,0.1616870015859604
0.2,r0.2_1,0.19802007587885373,warm_rewarm,4,0.13659214973449707
0.2,r0.2_1,0.19802007587885373,warm_rewarm,5,0.11956825107336044
0.2,r0.2_1,0.19802007587885373,warm_rewarm,6,0.10551431030035019
0.2,r0.2_1,0.19802007587885373,warm_rewarm,7,0.09593898802995682
0.2,r0.2_1,0.19802007587885373,warm_rewarm,8,0.08740118891000748
0.2,r0.2_1,0.19802007587885373,warm_rewarm,9,0.08211225271224976
0.2,r0.2_1,0.19802007587885373,warm_rewarm,10,0.07944563031196594
0.2,r0.2_1,0.19802007587885373,warm_rewarm,11,0.07471204549074173
0.2,r0.2_1,0.19802007587885373,warm_rewarm,12,0.07284940034151077
0.2,r0.2_1,0.19802007587885373,warm_rewarm,13,0.0681244283914566
0.2,r0.2_1,0.19802007587885373,warm_rewarm,14,0.06698223203420639
0.2,r0.2_1,0.19802007587885373,warm_rewarm,15,0.06643475592136383
0.2,r0.2_1,0.19802007587885373,warm_rewarm,16,0.06448429077863693
0.2,r0.2_1,0.19802007587885373,warm_rewarm,17,0.061272136867046356
0.2,r0.2_1,0.19802007587885373,warm_rewarm,18,0.06113993376493454
0.2,r0.2_1,0.19802007587885373,warm_rewarm,19,0.06010747700929642
0.2,r0.2_1,0.19802007587885373,warm_rewarm,20,0.058990247547626495
0.2,r0.2_1,0.19802007587885373,warm_rewarm,21,0.05893903970718384
0.2,r0.2_1,0.19802007587885373,warm_rewarm,22,0.05714726820588112
0.2,r0.2_1,0.19802007587885373,warm_rewarm,23,0.05595606565475464
0.2,r0.2_1,0.19802007587885373,warm_rewarm,24,0.05583300068974495
0.2,r0.2_1,0.19802007587885373,warm_rewarm,25,0.05456453561782837
0.2,r0.2_1,0.19802007587885373,warm_rewarm,26,0.0535716749727726
0.2,r0.2_1,0.19802007587885373,warm_rewarm,27,0.05436382442712784
0.2,r0.2_1,0.19802007587885373,warm_rewarm,28,0.054617345333099365
0.2,r0.2_1,0.19802007587885373,warm_rewarm,29,0.052897512912750244
0.2,r0.2_1,0.19802007587885373,warm_rewarm,30,0.052904240787029266
0.2,r0.2_1,0.19802007587885373,warm_rewarm,31,0.05263185501098633
0.2,r0.2_1,0.19802007587885373,warm_rewarm,32,0.05079277604818344
0.2,r0.2_1,0.19802007587885373,warm_rewarm,33,0.050596933811903
0.2,r0.2_1,0.19802007587885373,warm_rewarm,34,0.051075633615255356
0.2,r0.2_1,0.19802007587885373,warm_rewarm,35,0.04998581111431122
0.2,r0.2_1,0.19802007587885373,warm_rewarm,36,0.049868375062942505
0.2,r0.2_1,0.19802007587885373,warm_rewarm,37,0.049450717866420746
0.2,r0.2_1,0.19802007587885373,warm_rewarm,38,0.05004074051976204
0.2,r0.2_1,0.19802007587885373,warm_rewarm,39,0.05021119862794876
0.2,r0.2_1,0.19802007587885373,warm_rewarm,40,0.04935232177376747
0.2,r0.2_1,0.19802007587885373,warm_rewarm,41,0.048933226615190506
0.2,r0.2_1,0.19802007587885373,warm_rewarm,42,0.047341521829366684
0.2,r0.2_1,0.19802007587885373,warm_rewarm,43,0.04808914288878441
0.2,r0.2_1,0.19802007587885373,warm_rewarm,44,0.048080407083034515
0.2,r0.2_1,0.19802007587885373,warm_rewarm,45,0.047550760209560394
0.2,r0.2_1,0.19802007587885373,warm_rewarm,46,0.04725809767842293
0.2,r0.2_1,0.19802007587885373,warm_rewarm,47,0.04811108112335205
0.2,r0.2_1,0.19802007587885373,warm_rewarm,48,0.047156985849142075
0.2,r0.2_1,0.19802007587885373,warm_rewarm,49,0.04796222597360611
0.2,r0.2_1,0.19802007587885373,warm_rewarm,50,0.04682474583387375
0.2,r0.2_1,0.19802007587885373,warm_rewarm,51,0.046742625534534454
0.2,r0.2_1,0.19802007587885373,warm_rewarm,52,0.0477159321308136
0.2,r0.2_1,0.19802007587885373,warm_rewarm,53,0.04572289437055588
0.2,r0.2_1,0.19802007587885373,warm_rewarm,54,0.04599442332983017
0.2,r0.2_1,0.19802007587885373,warm_rewarm,55,0.046460699290037155
0.2,r0.2_1,0.19802007587885373,warm_rewarm,56,0.045574288815259933
0.2,r0.2_1,0.19802007587885373,warm_rewarm,57,0.045906953513622284
0.2,r0.2_1,0.19802007587885373,warm_rewarm,58,0.04607979953289032
0.2,r0.2_1,0.19802007587885373,warm_rewarm,59,0.045696984976530075
0.2,r0.2_1,0.19802007587885373,warm_rewarm,60,0.04526401683688164
0.2,r0.2_1,0.19802007587885373,warm_rewarm,61,0.04577137157320976
0.2,r0.2_1,0.19802007587885373,warm_rewarm,62,0.04602948948740959
0.2,r0.2_1,0.19802007587885373,warm_rewarm,63,0.046481162309646606
0.2,r0.2_1,0.19802007587885373,warm_rewarm,64,0.045015957206487656
0.2,r0.2_1,0.19802007587885373,warm_rewarm,65,0.04509298875927925
0.2,r0.2_1,0.19802007587885373,warm_rewarm,66,0.04524312913417816
0.2,r0.2_1,0.19802007587885373,warm_rewarm,67,0.04474615678191185
0.2,r0.2_1,0.19802007587885373,warm_rewarm,68,0.04453275725245476
0.2,r0.2_1,0.19802007587885373,warm_rewarm,69,0.04445982724428177
0.2,r0.2_1,0.19802007587885373,warm_rewarm,70,0.04475318267941475
0.2,r0.2_1,0.19802007587885373,warm_rewarm,71,0.04476672038435936
0.2,r0.2_1,0.19802007587885373,warm_rewarm,72,0.044197894632816315
0.2,r0.2_1,0.19802007587885373,warm_rewarm,73,0.044075142592191696
0.2,r0.2_1,0.19802007587885373,warm_rewarm,74,0.04449177905917168
0.2,r0.2_1,0.19802007587885373,warm_rewarm,75,0.04369952902197838
0.2,r0.2_1,0.19802007587885373,warm_rewarm,76,0.04455753043293953
0.2,r0.2_1,0.19802007587885373,warm_rewarm,77,0.04318000748753548
0.2,r0.2_1,0.19802007587885373,warm_rewarm,78,0.04317854344844818
0.2,r0.2_1,0.19802007587885373,warm_rewarm,79,0.04322502389550209
0.2,r0.2_1,0.19802007587885373,warm_rewarm,80,0.043780505657196045
0.2,r0.2_1,0.19802007587885373,warm_rewarm,81,0.043725866824388504
0.2,r0.2_1,0.19802007587885373,warm_rewarm,82,0.043770261108875275
0.2,r0.2_1,0.19802007587885373,warm_rewarm,83,0.0431629978120327
0.2,r0.2_1,0.19802007587885373,warm_rewarm,84,0.0427207387983799
0.2,r0.2_1,0.19802007587885373,warm_rewarm,85,0.0440528430044651
0.2,r0.2_1,0.19802007587885373,warm_rewarm,86,0.04326030611991882
0.2,r0.2_1,0.19802007587885373,warm_rewarm,87,0.0431470163166523
0.2,r0.2_1,0.19802007587885373,warm_rewarm,88,0.04343822970986366
0.2,r0.2_1,0.19802007587885373,warm_rewarm,89,0.0428672730922699
0.2,r0.2_1,0.19802007587885373,warm_rewarm,90,0.04253268986940384
0.2,r0.2_1,0.19802007587885373,warm_rewarm,91,0.04424167424440384
0.2,r0.2_1,0.19802007587885373,warm_rewarm,92,0.04216301813721657
0.2,r0.2_1,0.19802007587885373,warm_rewarm,93,0.04305630922317505
0.2,r0.2_1,0.19802007587885373,warm_rewarm,94,0.04275371506810188
0.2,r0.2_1,0.19802007587885373,warm_rewarm,95,0.04274899885058403
0.2,r0.2_1,0.19802007587885373,warm_rewarm,96,0.04241576045751572
0.2,r0.2_1,0.19802007587885373,warm_rewarm,97,0.043423064053058624
0.2,r0.2_1,0.19802007587885373,warm_rewarm,98,0.04223695769906044
0.2,r0.2_1,0.19802007587885373,warm_rewarm,99,0.04250151664018631
0.2,r0.2_1,0.19802007587885373,warm_rewarm,100,0.04187403619289398
0.2,r0.2_1,0.19802007587885373,warm_rewarm,101,0.04280960559844971
0.2,r0.2_1,0.19802007587885373,warm_rewarm,102,0.04203689470887184
0.2,r0.2_1,0.19802007587885373,warm_rewarm,103,0.04207928851246834
0.2,r0.2_1,0.19802007587885373,warm_rewarm,104,0.042096320539712906
0.2,r0.2_1,0.19802007587885373,warm_rewarm,105,0.04261172190308571
0.2,r0.2_1,0.19802007587885373,warm_rewarm,106,0.04282515496015549
0.2,r0.2_1,0.19802007587885373,warm_rewarm,107,0.04185774177312851
0.2,r0.2_1,0.19802007587885373,warm_rewarm,108,0.043201375752687454
0.2,r0.2_1,0.19802007587885373,warm_rewarm,109,0.04187919199466705
0.2,r0.2_1,0.19802007587885373,warm_rewarm,110,0.04170738533139229
0.2,r0.2_1,0.19802007587885373,warm_rewarm,111,0.04222581163048744
0.2,r0.2_1,0.19802007587885373,warm_rewarm,112,0.042216431349515915
0.2,r0.2_1,0.19802007587885373,warm_rewarm,113,0.04229994863271713
0.2,r0.2_1,0.19802007587885373,warm_rewarm,114,0.04215683788061142
0.2,r0.2_1,0.19802007587885373,warm_rewarm,115,0.04223565384745598
0.2,r0.2_1,0.19802007587885373,warm_rewarm,116,0.04204219579696655
0.2,r0.2_1,0.19802007587885373,warm_rewarm,117,0.042113371193408966
0.2,r0.2_1,0.19802007587885373,warm_rewarm,118,0.04174622893333435
0.2,r0.2_1,0.19802007587885373,warm_rewarm,119,0.04280548915266991
0.2,r0.2_1,0.19802007587885373,warm_rewarm,120,0.04124898463487625
0.2,r0.2_1,0.19802007587885373,warm_rewarm,121,0.0416567362844944
0.2,r0.2_1,0.19802007587885373,warm_rewarm,122,0.041726939380168915
0.2,r0.2_1,0.19802007587885373,warm_rewarm,123,0.042409747838974
0.2,r0.2_1,0.19802007587885373,warm_rewarm,124,0.04110639914870262
0.2,r0.2_1,0.19802007587885373,warm_rewarm,125,0.04160130023956299
0.2,r0.2_1,0.19802007587885373,warm_rewarm,126,0.042042799293994904
0.2,r0.2_1,0.19802007587885373,warm_rewarm,127,0.04145484417676926
0.2,r0.2_1,0.19802007587885373,warm_rewarm,128,0.041973285377025604
0.2,r0.2_1,0.19802007587885373,warm_rewarm,129,0.04202250391244888
0.2,r0.2_1,0.19802007587885373,warm_rewarm,130,0.04189564660191536
0.2,r0.2_1,0.19802007587885373,warm_rewarm,131,0.04129868373274803
0.2,r0.2_1,0.19802007587885373,warm_rewarm,132,0.04173344373703003
0.2,r0.2_1,0.19802007587885373,warm_rewarm,133,0.04150058329105377
0.2,r0.2_1,0.19802007587885373,warm_rewarm,134,0.0417935810983181
0.2,r0.2_1,0.19802007587885373,warm_rewarm,135,0.041639212518930435
0.2,r0.2_1,0.19802007587885373,warm_rewarm,136,0.040928419679403305
0.2,r0.2_1,0.19802007587885373,warm_rewarm,137,0.04117586836218834
0.2,r0.2_1,0.19802007587885373,warm_rewarm,138,0.04113800823688507
0.2,r0.2_1,0.19802007587885373,warm_rewarm,139,0.04149940237402916
0.2,r0.2_1,0.19802007587885373,warm_rewarm,140,0.041482504457235336
0.2,r0.2_1,0.19802007587885373,warm_rewarm,141,0.0416041761636734
0.2,r0.2_1,0.19802007587885373,warm_rewarm,142,0.0414256826043129
0.2,r0.2_1,0.19802007587885373,warm_rewarm,143,0.040772538632154465
0.2,r0.2_1,0.19802007587885373,warm_rewarm,144,0.041065067052841187
0.2,r0.2_1,0.19802007587885373,warm_rewarm,145,0.041044894605875015
0.2,r0.2_1,0.19802007587885373,warm_rewarm,146,0.04123127833008766
0.2,r0.2_1,0.19802007587885373,warm_rewarm,147,0.04125574231147766
0.2,r0.2_1,0.19802007587885373,warm_rewarm,148,0.0412236787378788
0.2,r0.2_1,0.19802007587885373,warm_rewarm,149,0.040986914187669754
0.2,r0.2_1,0.19802007587885373,warm_rewarm,150,0.04104992747306824
0.2,r0.2_1,0.19802007587885373,warm_rewarm,151,0.04067489877343178
0.2,r0.2_1,0.19802007587885373,warm_rewarm,152,0.04136627912521362
0.2,r0.2_1,0.19802007587885373,warm_rewarm,153,0.04092643782496452
0.2,r0.2_1,0.19802007587885373,warm_rewarm,154,0.04089502990245819
0.2,r0.2_1,0.19802007587885373,warm_rewarm,155,0.0406528078019619
0.2,r0.2_1,0.19802007587885373,warm_rewarm,156,0.04104259982705116
0.2,r0.2_1,0.19802007587885373,warm_rewarm,157,0.040980227291584015
0.2,r0.2_1,0.19802007587885373,warm_rewarm,158,0.040730610489845276
0.2,r0.2_1,0.19802007587885373,warm_rewarm,159,0.04078252241015434
0.2,r0.2_1,0.19802007587885373,warm_rewarm,160,0.040970224887132645
0.2,r0.2_1,0.19802007587885373,warm_rewarm,161,0.040825262665748596
0.2,r0.2_1,0.19802007587885373,warm_rewarm,162,0.04058033972978592
0.2,r0.2_1,0.19802007587885373,warm_rewarm,163,0.041071221232414246
0.2,r0.2_1,0.19802007587885373,warm_rewarm,164,0.040655821561813354
0.2,r0.2_1,0.19802007587885373,warm_rewarm,165,0.04095321148633957
0.2,r0.2_1,0.19802007587885373,warm_rewarm,166,0.04060444235801697
0.2,r0.2_1,0.19802007587885373,warm_rewarm,167,0.04114435985684395
0.2,r0.2_1,0.19802007587885373,warm_rewarm,168,0.04074105992913246
0.2,r0.2_1,0.19802007587885373,warm_rewarm,169,0.041468534618616104
0.2,r0.2_1,0.19802007587885373,warm_rewarm,170,0.040616776794195175
0.8,r0.8_0,0.6431156811554433,scratch,0,0.4551391005516052
0.8,r0.8_0,0.6431156811554433,scratch,1,0.3030940294265747
0.8,r0.8_0,0.6431156811554433,scratch,2,0.28264281153678894
0.8,r0.8_0,0.6431156811554433,scratch,3,0.2415485680103302
0.8,r0.8_0,0.6431156811554433,scratch,4,0.21227246522903442
0.8,r0.8_0,0.6431156811554433,scratch,5,0.1829463541507721
0.8,r0.8_0,0.6431156811554433,scratch,6,0.1608419120311737
0.8,r0.8_0,0.6431156811554433,scratch,7,0.15303002297878265
0.8,r0.8_0,0.6431156811554433,scratch,8,0.13871578872203827
0.8,r0.8_0,0.6431156811554433,scratch,9,0.13551153242588043
0.8,r0.8_0,0.6431156811554433,scratch,10,0.12694066762924194
0.8,r0.8_0,0.6431156811554433,scratch,11,0.12527799606323242
0.8,r0.8_0,0.6431156811554433,scratch,12,0.11891382187604904
0.8,r0.8_0,0.6431156811554433,scratch,13,0.12093568593263626
0.8,r0.8_0,0.6431156811554433,scratch,14,0.11204550415277481
0.8,r0.8_0,0.6431156811554433,scratch,15,0.1131654903292656
0.8,r0.8_0,0.6431156811554433,scratch,16,0.10957100242376328
0.8,r0.8_0,0.6431156811554433,scratch,17,0.10599914193153381
0.8,r0.8_0,0.6431156811554433,scratch,18,0.10679461061954498
0.8,r0.8_0,0.6431156811554433,scratch,19,0.10391654074192047
0.8,r0.8_0,0.6431156811554433,scratch,20,0.10470641404390335
0.8,r0.8_0,0.6431156811554433,scratch,21,0.10526946187019348
0.8,r0.8_0,0.6431156811554433,scratch,22,0.1003851369023323
0.8,r0.8_0,0.6431156811554433,scratch,23,0.10240251570940018
0.8,r0.8_0,0.6431156811554433,scratch,24,0.09511581808328629
0.8,r0.8_0,0.6431156811554433,scratch,25,0.09094484895467758
0.8,r0.8_0,0.6431156811554433,scratch,26,0.09496446698904037
0.8,r0.8_0,0.6431156811554433,scratch,27,0.09258686006069183
0.8,r0.8_0,0.6431156811554433,scratch,28,0.09260441362857819
0.8,r0.8_0,0.6431156811554433,scratch,29,0.09293139725923538
0.8,r0.8_0,0.6431156811554433,scratch,30,0.08659286051988602
0.8,r0.8_0,0.6431156811554433,scratch,31,0.08999897539615631
0.8,r0.8_0,0.6431156811554433,scratch,32,0.09434337913990021
0.8,r0.8_0,0.6431156811554433,scratch,33,0.09139994531869888
0.8,r0.8_0,0.6431156811554433,scratch,34,0.09197195619344711
0.8,r0.8_0,0.6431156811554433,scratch,35,0.0859290212392807
0.8,r0.8_0,0.6431156811554433,scratch,36,0.0881478488445282
0.8,r0.8_0,0.6431156811554433,scratch,37,0.08773797750473022
0.8,r0.8_0,0.6431156811554433,scratch,38,0.08744142204523087
0.8,r0.8_0,0.6431156811554433,scratch,39,0.08523164689540863
0.8,r0.8_0,0.6431156811554433,scratch,40,0.08241698890924454
0.8,r0.8_0,0.6431156811554433,scratch,41,0.08721495419740677
0.8,r0.8_0,0.6431156811554433,scratch,42,0.0836644098162651
0.8,r0.8_0,0.6431156811554433,scratch,43,0.08392105996608734
0.8,r0.8_0,0.6431156811554433,scratch,44,0.08287929743528366
0.8,r0.8_0,0.6431156811554433,scratch,45,0.08325143903493881
0.8,r0.8_0,0.6431156811554433,scratch,46,0.0802508145570755
0.8,r0.8_0,0.6431156811554433,scratch,47,0.07793522626161575
0.8,r0.8_0,0.6431156811554433,scratch,48,0.07636505365371704
0.8,r0.8_0,0.6431156811554433,scratch,49,0.08339853584766388
0.8,r0.8_0,0.6431156811554433,scratch,50,0.07641938328742981
0.8,r0.8_0,0.6431156811554433,scratch,51,0.07679368555545807
0.8,r0.8_0,0.6431156811554433,scratch,52,0.07849351316690445
0.8,r0.8_0,0.6431156811554433,scratch,53,0.08075582981109619
0.8,r0.8_0,0.6431156811554433,scratch,54,0.07715722918510437
0.8,r0.8_0,0.6431156811554433,scratch,55,0.07517353445291519
0.8,r0.8_0,0.6431156811554433,scratch,56,0.07408555597066879
0.8,r0.8_0,0.6431156811554433,scratch,57,0.07710237801074982
0.8,r0.8_0,0.6431156811554433,scratch,58,0.07576871663331985
0.8,r0.8_0,0.6431156811554433,scratch,59,0.07573062181472778
0.8,r0.8_0,0.6431156811554433,scratch,60,0.07555051892995834
0.8,r0.8_0,0.6431156811554433,scratch,61,0.07620453089475632
0.8,r0.8_0,0.6431156811554433,scratch,62,0.07351213693618774
0.8,r0.8_0,0.6431156811554433,scratch,63,0.07379423081874847
0.8,r0.8_0,0.6431156811554433,scratch,64,0.0717092752456665
0.8,r0.8_0,0.6431156811554433,scratch,65,0.07198558002710342
0.8,r0.8_0,0.6431156811554433,scratch,66,0.07228020578622818
0.8,r0.8_0,0.6431156811554433,scratch,67,0.07435774803161621
0.8,r0.8_0,0.6431156811554433,scratch,68,0.07684821635484695
0.8,r0.8_0,0.6431156811554433,scratch,69,0.07306772470474243
0.8,r0.8_0,0.6431156811554433,scratch,70,0.07315611094236374
0.8,r0.8_0,0.6431156811554433,scratch,71,0.07347788661718369
0.8,r0.8_0,0.6431156811554433,scratch,72,0.07086017727851868
0.8,r0.8_0,0.6431156811554433,scratch,73,0.07252613455057144
0.8,r0.8_0,0.6431156811554433,scratch,74,0.07087478041648865
0.8,r0.8_0,0.6431156811554433,scratch,75,0.0719020813703537
0.8,r0.8_0,0.6431156811554433,scratch,76,0.06694929301738739
0.8,r0.8_0,0.6431156811554433,scratch,77,0.07040347158908844
0.8,r0.8_0,0.6431156811554433,scratch,78,0.06707267463207245
0.8,r0.8_0,0.6431156811554433,scratch,79,0.07000157982110977
0.8,r0.8_0,0.6431156811554433,scratch,80,0.06934209167957306
0.8,r0.8_0,0.6431156811554433,scratch,81,0.06921016424894333
0.8,r0.8_0,0.6431156811554433,scratch,82,0.06809647381305695
0.8,r0.8_0,0.6431156811554433,scratch,83,0.06627928465604782
0.8,r0.8_0,0.6431156811554433,scratch,84,0.06763667613267899
0.8,r0.8_0,0.6431156811554433,scratch,85,0.06948316842317581
0.8,r0.8_0,0.6431156811554433,scratch,86,0.06745399534702301
0.8,r0.8_0,0.6431156811554433,scratch,87,0.06703080236911774
0.8,r0.8_0,0.6431156811554433,scratch,88,0.06769970804452896
0.8,r0.8_0,0.6431156811554433,scratch,89,0.06800898164510727
0.8,r0.8_0,0.6431156811554433,scratch,90,0.06719005107879639
0.8,r0.8_0,0.6431156811554433,scratch,91,0.06627612560987473
0.8,r0.8_0,0.6431156811554433,scratch,92,0.06599906831979752
0.8,r0.8_0,0.6431156811554433,scratch,93,0.06538927555084229
0.8,r0.8_0,0.6431156811554433,scratch,94,0.0675305500626564
0.8,r0.8_0,0.6431156811554433,scratch,95,0.06604498624801636
0.8,r0.8_0,0.6431156811554433,scratch,96,0.06731700152158737
0.8,r0.8_0,0.6431156811554433,scratch,97,0.06560096889734268
0.8,r0.8_0,0.6431156811554433,scratch,98,0.06931038945913315
0.8,r0.8_0,0.6431156811554433,scratch,99,0.06335640698671341
0.8,r0.8_0,0.6431156811554433,scratch,100,0.06461837887763977
0.8,r0.8_0,0.6431156811554433,scratch,101,0.0645676925778389
0.8,r0.8_0,0.6431156811554433,scratch,102,0.06592996418476105
0.8,r0.8_0,0.6431156811554433,scratch,103,0.06499054282903671
0.8,r0.8_0,0.6431156811554433,scratch,104,0.06566020846366882
0.8,r0.8_0,0.6431156811554433,scratch,105,0.06343633681535721
0.8,r0.8_0,0.6431156811554433,scratch,106,0.06312668323516846
0.8,r0.8_0,0.6431156811554433,scratch,107,0.06511026620864868
0.8,r0.8_0,0.6431156811554433,scratch,108,0.06691234558820724
0.8,r0.8_0,0.6431156811554433,scratch,109,0.0666426420211792
0.8,r0.8_0,0.6431156811554433,scratch,110,0.062832310795784
0.8,r0.8_0,0.6431156811554433,scratch,111,0.06465910375118256
0.8,r0.8_0,0.6431156811554433,scratch,112,0.06534407287836075
0.8,r0.8_0,0.6431156811554433,scratch,113,0.062370430678129196
0.8,r0.8_0,0.6431156811554433,scratch,114,0.06278084218502045
0.8,r0.8_0,0.6431156811554433,scratch,115,0.06285227090120316
0.8,r0.8_0,0.6431156811554433,scratch,116,0.0632355809211731
0.8,r0.8_0,0.6431156811554433,scratch,117,0.0622943714261055
0.8,r0.8_0,0.6431156811554433,scratch,118,0.06493694335222244
0.8,r0.8_0,0.6431156811554433,scratch,119,0.06488560140132904
0.8,r0.8_0,0.6431156811554433,scratch,120,0.06409215927124023
0.8,r0.8_0,0.6431156811554433,scratch,121,0.06342349201440811
0.8,r0.8_0,0.6431156811554433,scratch,122,0.060671206563711166
0.8,r0.8_0,0.6431156811554433,scratch,123,0.06101790815591812
0.8,r0.8_0,0.6431156811554433,scratch,124,0.06045413017272949
0.8,r0.8_0,0.6431156811554433,scratch,125,0.06276810169219971
0.8,r0.8_0,0.6431156811554433,scratch,126,0.060622941702604294
0.8,r0.8_0,0.6431156811554433,scratch,127,0.06129371002316475
0.8,r0.8_0,0.6431156811554433,scratch,128,0.06305280327796936
0.8,r0.8_0,0.6431156811554433,scratch,129,0.05973367020487785
0.8,r0.8_0,0.6431156811554433,scratch,130,0.061742596328258514
0.8,r0.8_0,0.6431156811554433,scratch,131,0.0607873760163784
0.8,r0.8_0,0.6431156811554433,scratch,132,0.06215822696685791
0.8,r0.8_0,0.6431156811554433,scratch,133,0.05954408273100853
0.8,r0.8_0,0.6431156811554433,scratch,134,0.05984538048505783
0.8,r0.8_0,0.6431156811554433,scratch,135,0.05990298092365265
0.8,r0.8_0,0.6431156811554433,scratch,136,0.06096906587481499
0.8,r0.8_0,0.6431156811554433,scratch,137,0.05974131077528
0.8,r0.8_0,0.6431156811554433,scratch,138,0.0605640634894371
0.8,r0.8_0,0.6431156811554433,scratch,139,0.06033285707235336
0.8,r0.8_0,0.6431156811554433,scratch,140,0.05987287312746048
0.8,r0.8_0,0.6431156811554433,scratch,141,0.05967111513018608
0.8,r0.8_0,0.6431156811554433,scratch,142,0.05988654866814613
0.8,r0.8_0,0.6431156811554433,scratch,143,0.059062980115413666
0.8,r0.8_0,0.6431156811554433,scratch,144,0.05850038304924965
0.8,r0.8_0,0.6431156811554433,scratch,145,0.05954626947641373
0.8,r0.8_0,0.6431156811554433,scratch,146,0.06033451110124588
0.8,r0.8_0,0.6431156811554433,scratch,147,0.059216029942035675
0.8,r0.8_0,0.6431156811554433,scratch,148,0.0591285265982151
0.8,r0.8_0,0.6431156811554433,scratch,149,0.05965765565633774
0.8,r0.8_0,0.6431156811554433,scratch,150,0.05942954123020172
0.8,r0.8_0,0.6431156811554433,scratch,151,0.05938602238893509
0.8,r0.8_0,0.6431156811554433,scratch,152,0.057883262634277344
0.8,r0.8_0,0.6431156811554433,scratch,153,0.059294693171978
0.8,r0.8_0,0.6431156811554433,scratch,154,0.058759771287441254
0.8,r0.8_0,0.6431156811554433,scratch,155,0.05779971182346344
0.8,r0.8_0,0.6431156811554433,scratch,156,0.05775408074259758
0.8,r0.8_0,0.6431156811554433,scratch,157,0.05691492557525635
0.8,r0.8_0,0.6431156811554433,scratch,158,0.05860843136906624
0.8,r0.8_0,0.6431156811554433,scratch,159,0.0587119497358799
0.8,r0.8_0,0.6431156811554433,scratch,160,0.05756678059697151
0.8,r0.8_0,0.6431156811554433,scratch,161,0.05814962089061737
0.8,r0.8_0,0.6431156811554433,scratch,162,0.059123698621988297
0.8,r0.8_0,0.6431156811554433,scratch,163,0.05851367115974426
0.8,r0.8_0,0.6431156811554433,scratch,164,0.05814841762185097
0.8,r0.8_0,0.6431156811554433,scratch,165,0.05873705819249153
0.8,r0.8_0,0.6431156811554433,scratch,166,0.058661095798015594
0.8,r0.8_0,0.6431156811554433,scratch,167,0.0571439228951931
0.8,r0.8_0,0.6431156811554433,scratch,168,0.05744750425219536
0.8,r0.8_0,0.6431156811554433,scratch,169,0.05780384689569473
0.8,r0.8_0,0.6431156811554433,scratch,170,0.05774042010307312
0.8,r0.8_0,0.6431156811554433,scratch,171,0.057611312717199326
0.8,r0.8_0,0.6431156811554433,scratch,172,0.0584435798227787
0.8,r0.8_0,0.6431156811554433,warm,0,0.3894740045070648
0.8,r0.8_0,0.6431156811554433,warm,1,0.13907748460769653
0.8,r0.8_0,0.6431156811554433,warm,2,0.1149856373667717
0.8,r0.8_0,0.6431156811554433,warm,3,0.10433725267648697
0.8,r0.8_0,0.6431156811554433,warm,4,0.09468430280685425
0.8,r0.8_0,0.6431156811554433,warm,5,0.09030687808990479
0.8,r0.8_0,0.6431156811554433,warm,6,0.08890606462955475
0.8,r0.8_0,0.6431156811554433,warm,7,0.08450213819742203
0.8,r0.8_0,0.6431156811554433,warm,8,0.08166678249835968
0.8,r0.8_0,0.6431156811554433,warm,9,0.0794738158583641
0.8,r0.8_0,0.6431156811554433,warm,10,0.07891199737787247
0.8,r0.8_0,0.6431156811554433,warm,11,0.0785197764635086
0.8,r0.8_0,0.6431156811554433,warm,12,0.07571345567703247
0.8,r0.8_0,0.6431156811554433,warm,13,0.07290792465209961
0.8,r0.8_0,0.6431156811554433,warm,14,0.07418426126241684
0.8,r0.8_0,0.6431156811554433,warm,15,0.0731600970029831
0.8,r0.8_0,0.6431156811554433,warm,16,0.07067834585905075
0.8,r0.8_0,0.6431156811554433,warm,17,0.07091959565877914
0.8,r0.8_0,0.6431156811554433,warm,18,0.06996015459299088
0.8,r0.8_0,0.6431156811554433,warm,19,0.06974538415670395
0.8,r0.8_0,0.6431156811554433,warm,20,0.06837508082389832
0.8,r0.8_0,0.6431156811554433,warm,21,0.0674365684390068
0.8,r0.8_0,0.6431156811554433,warm,22,0.06775951385498047
0.8,r0.8_0,0.6431156811554433,warm,23,0.06769054383039474
0.8,r0.8_0,0.6431156811554433,warm,24,0.067111074924469
0.8,r0.8_0,0.6431156811554433,warm,25,0.06594300270080566
0.8,r0.8_0,0.6431156811554433,warm,26,0.06680407375097275
0.8,r0.8_0,0.6431156811554433,warm,27,0.06441503018140793
0.8,r0.8_0,0.6431156811554433,warm,28,0.06596606224775314
0.8,r0.8_0,0.6431156811554433,warm,29,0.06402283161878586
0.8,r0.8_0,0.6431156811554433,warm,30,0.06324649602174759
0.8,r0.8_0,0.6431156811554433,warm,31,0.06433053314685822
0.8,r0.8_0,0.6431156811554433,warm,32,0.06255628913640976
0.8,r0.8_0,0.6431156811554433,warm,33,0.061463337391614914
0.8,r0.8_0,0.6431156811554433,warm,34,0.06272146105766296
0.8,r0.8_0,0.6431156811554433,warm,35,0.0626310259103775
0.8,r0.8_0,0.6431156811554433,warm,36,0.061860695481300354
0.8,r0.8_0,0.6431156811554433,warm,37,0.06257820874452591
0.8,r0.8_0,0.6431156811554433,warm,38,0.0619206503033638
0.8,r0.8_0,0.6431156811554433,warm,39,0.06085309013724327
0.8,r0.8_0,0.6431156811554433,warm,40,0.06048993393778801
0.8,r0.8_0,0.6431156811554433,warm,41,0.060808803886175156
0.8,r0.8_0,0.6431156811554433,warm,42,0.06065933778882027
0.8,r0.8_0,0.6431156811554433,warm,43,0.061655592173337936
0.8,r0.8_0,0.6431156811554433,warm,44,0.06019294261932373
0.8,r0.8_0,0.6431156811554433,warm,45,0.059809647500514984
0.8,r0.8_0,0.6431156811554433,warm,46,0.059309445321559906
0.8,r0.8_0,0.6431156811554433,warm,47,0.05898834392428398
0.8,r0.8_0,0.6431156811554433,warm,48,0.0592026449739933
0.8,r0.8_0,0.6431156811554433,warm,49,0.059276025742292404
0.8,r0.8_0,0.6431156811554433,warm,50,0.060305558145046234
0.8,r0.8_0,0.6431156811554433,warm,51,0.05902616307139397
0.8,r0.8_0,0.6431156811554433,warm,52,0.05914688855409622
0.8,r0.8_0,0.6431156811554433,warm,53,0.05957912653684616
0.8,r0.8_0,0.6431156811554433,warm,54,0.059161487966775894
0.8,r0.8_0,0.6431156811554433,warm,55,0.05769829824566841
0.8,r0.8_0,0.6431156811554433,warm,56,0.058349933475255966
0.8,r0.8_0,0.6431156811554433,warm,57,0.05803520977497101
0.8,r0.8_0,0.6431156811554433,warm,58,0.05732929706573486
0.8,r0.8_0,0.6431156811554433,warm,59,0.056986428797245026
0.8,r0.8_0,0.6431156811554433,warm,60,0.05690095201134682
0.8,r0.8_0,0.6431156811554433,warm,61,0.05803171917796135
0.8,r0.8_0,0.6431156811554433,warm,62,0.05741776153445244
0.8,r0.8_0,0.6431156811554433,warm,63,0.05714397132396698
0.8,r0.8_0,0.6431156811554433,warm,64,0.056565675884485245
0.8,r0.8_0,0.6431156811554433,warm,65,0.05719175189733505
0.8,r0.8_0,0.6431156811554433,warm,66,0.057388611137866974
0.8,r0.8_0,0.6431156811554433,warm,67,0.05717908963561058
0.8,r0.8_0,0.6431156811554433,warm,68,0.05742832273244858
0.8,r0.8_0,0.6431156811554433,warm,69,0.0561075359582901
0.8,r0.8_0,0.6431156811554433,warm,70,0.05631706863641739
0.8,r0.8_0,0.6431156811554433,warm,71,0.056654635816812515
0.8,r0.8_0,0.6431156811554433,warm,72,0.05661846324801445
0.8,r0.8_0,0.6431156811554433,warm,73,0.05605112388730049
0.8,r0.8_0,0.6431156811554433,warm,74,0.05569576844573021
0.8,r0.8_0,0.6431156811554433,warm,75,0.055598895996809006
0.8,r0.8_0,0.6431156811554433,warm,76,0.056685738265514374
0.8,r0.8_0,0.6431156811554433,warm,77,0.055795278400182724
0.8,r0.8_0,0.6431156811554433,warm,78,0.05637267604470253
0.8,r0.8_0,0.6431156811554433,warm,79,0.05528266727924347
0.8,r0.8_0,0.6431156811554433,warm,80,0.0550277940928936
0.8,r0.8_0,0.6431156811554433,warm,81,0.05591960623860359
0.8,r0.8_0,0.6431156811554433,warm,82,0.05478335916996002
0.8,r0.8_0,0.6431156811554433,warm,83,0.0562177449464798
0.8,r0.8_0,0.6431156811554433,warm,84,0.05670906603336334
0.8,r0.8_0,0.6431156811554433,warm,85,0.055676594376564026
0.8,r0.8_0,0.6431156811554433,warm,86,0.0554913654923439
0.8,r0.8_0,0.6431156811554433,warm,87,0.05522290617227554
0.8,r0.8_0,0.6431156811554433,warm,88,0.05579008162021637
0.8,r0.8_0,0.6431156811554433,warm,89,0.055254027247428894
0.8,r0.8_0,0.6431156811554433,warm,90,0.05528833717107773
0.8,r0.8_0,0.6431156811554433,warm,91,0.055223409086465836
0.8,r0.8_0,0.6431156811554433,warm,92,0.055171020328998566
0.8,r0.8_0,0.6431156811554433,warm,93,0.05550941824913025
0.8,r0.8_0,0.6431156811554433,warm,94,0.05533580482006073
0.8,r0.8_0,0.6431156811554433,warm,95,0.05444297567009926
0.8,r0.8_0,0.6431156811554433,warm,96,0.05575275421142578
0.8,r0.8_0,0.6431156811554433,warm,97,0.054945118725299835
0.8,r0.8_0,0.6431156811554433,warm,98,0.05468433350324631
0.8,r0.8_0,0.6431156811554433,warm,99,0.05531122535467148
0.8,r0.8_0,0.6431156811554433,warm,100,0.05463508516550064
0.8,r0.8_0,0.6431156811554433,warm,101,0.055117495357990265
0.8,r0.8_0,0.6431156811554433,warm,102,0.05485577881336212
0.8,r0.8_0,0.6431156811554433,warm,103,0.054458439350128174
0.8,r0.8_0,0.6431156811554433,warm,104,0.05503784492611885
0.8,r0.8_0,0.6431156811554433,warm,105,0.05418086051940918
0.8,r0.8_0,0.6431156811554433,warm,106,0.05420394986867905
0.8,r0.8_0,0.6431156811554433,warm,107,0.05434061214327812
0.8,r0.8_0,0.6431156811554433,warm,108,0.05432840809226036
0.8,r0.8_0,0.6431156811554433,warm,109,0.05457380414009094
0.8,r0.8_0,0.6431156811554433,warm,110,0.054047614336013794
0.8,r0.8_0,0.6431156811554433,warm,111,0.054338328540325165
0.8,r0.8_0,0.6431156811554433,warm,112,0.05410795286297798
0.8,r0.8_0,0.6431156811554433,warm,113,0.054273996502161026
0.8,r0.8_0,0.6431156811554433,warm,114,0.05396232753992081
0.8,r0.8_0,0.6431156811554433,warm,115,0.05383497104048729
0.8,r0.8_0,0.6431156811554433,warm,116,0.05457526445388794
0.8,r0.8_0,0.6431156811554433,warm,117,0.05440092459321022
0.8,r0.8_0,0.6431156811554433,warm,118,0.054244525730609894
0.8,r0.8_0,0.6431156811554433,warm,119,0.054310280829668045
0.8,r0.8_0,0.6431156811554433,warm,120,0.05392473563551903
0.8,r0.8_0,0.6431156811554433,warm,121,0.053903400897979736
0.8,r0.8_0,0.6431156811554433,warm,122,0.05408373475074768
0.8,r0.8_0,0.6431156811554433,warm,123,0.05361894890666008
0.8,r0.8_0,0.6431156811554433,warm,124,0.054236289113759995
0.8,r0.8_0,0.6431156811554433,warm,125,0.05391028895974159
0.8,r0.8_0,0.6431156811554433,warm,126,0.05388696864247322
0.8,r0.8_0,0.6431156811554433,warm,127,0.05346091464161873
0.8,r0.8_0,0.6431156811554433,warm,128,0.05393107235431671
0.8,r0.8_0,0.6431156811554433,warm,129,0.05390053614974022
0.8,r0.8_0,0.6431156811554433,warm,130,0.05380759760737419
0.8,r0.8_0,0.6431156811554433,warm,131,0.05370287597179413
0.8,r0.8_0,0.6431156811554433,warm,132,0.054139211773872375
0.8,r0.8_0,0.6431156811554433,warm,133,0.053808171302080154
0.8,r0.8_0,0.6431156811554433,warm,134,0.05390338972210884
0.8,r0.8_0,0.6431156811554433,warm,135,0.05356350913643837
0.8,r0.8_0,0.6431156811554433,warm,136,0.053279291838407516
0.8,r0.8_0,0.6431156811554433,warm,137,0.053582414984703064
0.8,r0.8_0,0.6431156811554433,warm,138,0.05341748520731926
0.8,r0.8_0,0.6431156811554433,warm,139,0.053575195372104645
0.8,r0.8_0,0.6431156811554433,warm,140,0.0534823015332222
0.8,r0.8_0,0.6431156811554433,warm,141,0.05391395464539528
0.8,r0.8_0,0.6431156811554433,warm,142,0.0534832589328289
0.8,r0.8_0,0.6431156811554433,warm,143,0.05367673188447952
0.8,r0.8_0,0.6431156811554433,warm,144,0.05351005494594574
0.8,r0.8_0,0.6431156811554433,warm,145,0.05345084145665169
0.8,r0.8_0,0.6431156811554433,warm,146,0.05362633988261223
0.8,r0.8_0,0.6431156811554433,warm,147,0.05355248227715492
0.8,r0.8_0,0.6431156811554433,warm,148,0.053378913551568985
0.8,r0.8_0,0.6431156811554433,warm,149,0.05356863513588905
0.8,r0.8_0,0.6431156811554433,warm,150,0.053569916635751724
0.8,r0.8_0,0.6431156811554433,warm,151,0.05323159694671631
0.8,r0.8_0,0.6431156811554433,warm_rewarm,0,0.4764212965965271
0.8,r0.8_0,0.6431156811554433,warm_rewarm,1,0.2832064628601074
0.8,r0.8_0,0.6431156811554433,warm_rewarm,2,0.2443891167640686
0.8,r0.8_0,0.6431156811554433,warm_rewarm,3,0.21169093251228333
0.8,r0.8_0,0.6431156811554433,warm_rewarm,4,0.18131448328495026
0.8,r0.8_0,0.6431156811554433,warm_rewarm,5,0.1621440052986145
0.8,r0.8_0,0.6431156811554433,warm_rewarm,6,0.1511884331703186
0.8,r0.8_0,0.6431156811554433,warm_rewarm,7,0.1371297985315323
0.8,r0.8_0,0.6431156811554433,warm_rewarm,8,0.12748393416404724
0.8,r0.8_0,0.6431156811554433,warm_rewarm,9,0.12001566588878632
0.8,r0.8_0,0.6431156811554433,warm_rewarm,10,0.1164897158741951
0.8,r0.8_0,0.6431156811554433,warm_rewarm,11,0.11130967736244202
0.8,r0.8_0,0.6431156811554433,warm_rewarm,12,0.10690603405237198
0.8,r0.8_0,0.6431156811554433,warm_rewarm,13,0.10434957593679428
0.8,r0.8_0,0.6431156811554433,warm_rewarm,14,0.10035856813192368
0.8,r0.8_0,0.6431156811554433,warm_rewarm,15,0.09690740704536438
0.8,r0.8_0,0.6431156811554433,warm_rewarm,16,0.09528788179159164
0.8,r0.8_0,0.6431156811554433,warm_rewarm,17,0.09271450340747833
0.8,r0.8_0,0.6431156811554433,warm_rewarm,18,0.0906749740242958
0.8,r0.8_0,0.6431156811554433,warm_rewarm,19,0.08811011165380478
0.8,r0.8_0,0.6431156811554433,warm_rewarm,20,0.08947741985321045
0.8,r0.8_0,0.6431156811554433,warm_rewarm,21,0.08713732659816742
0.8,r0.8_0,0.6431156811554433,warm_rewarm,22,0.08516930043697357
0.8,r0.8_0,0.6431156811554433,warm_rewarm,23,0.08418117463588715
0.8,r0.8_0,0.6431156811554433,warm_rewarm,24,0.08305729180574417
0.8,r0.8_0,0.6431156811554433,warm_rewarm,25,0.08170385658740997
0.8,r0.8_0,0.6431156811554433,warm_rewarm,26,0.0809212177991867
0.8,r0.8_0,0.6431156811554433,warm_rewarm,27,0.07861921936273575
0.8,r0.8_0,0.6431156811554433,warm_rewarm,28,0.07886798679828644
0.8,r0.8_0,0.6431156811554433,warm_rewarm,29,0.07729826122522354
0.8,r0.8_0,0.6431156811554433,warm_rewarm,30,0.07789799571037292
0.8,r0.8_0,0.6431156811554433,warm_rewarm,31,0.07658909261226654
0.8,r0.8_0,0.6431156811554433,warm_rewarm,32,0.07518643140792847
0.8,r0.8_0,0.6431156811554433,warm_rewarm,33,0.07558421790599823
0.8,r0.8_0,0.6431156811554433,warm_rewarm,34,0.07430392503738403
0.8,r0.8_0,0.6431156811554433,warm_rewarm,35,0.07332643121480942
0.8,r0.8_0,0.6431156811554433,warm_rewarm,36,0.07331100106239319
0.8,r0.8_0,0.6431156811554433,warm_rewarm,37,0.07221407443284988
0.8,r0.8_0,0.6431156811554433,warm_rewarm,38,0.07156199216842651
0.8,r0.8_0,0.6431156811554433,warm_rewarm,39,0.07170438766479492
0.8,r0.8_0,0.6431156811554433,warm_rewarm,40,0.07151809334754944
0.8,r0.8_0,0.6431156811554433,warm_rewarm,41,0.07002564519643784
0.8,r0.8_0,0.6431156811554433,warm_rewarm,42,0.07069294899702072
0.8,r0.8_0,0.6431156811554433,warm_rewarm,43,0.06886744499206543
0.8,r0.8_0,0.6431156811554433,warm_rewarm,44,0.06858003884553909
0.8,r0.8_0,0.6431156811554433,warm_rewarm,45,0.06803260743618011
0.8,r0.8_0,0.6431156811554433,warm_rewarm,46,0.06855357438325882
0.8,r0.8_0,0.6431156811554433,warm_rewarm,47,0.06806551665067673
0.8,r0.8_0,0.6431156811554433,warm_rewarm,48,0.06713062524795532
0.8,r0.8_0,0.6431156811554433,warm_rewarm,49,0.06673682481050491
0.8,r0.8_0,0.6431156811554433,warm_rewarm,50,0.06600818037986755
0.8,r0.8_0,0.6431156811554433,warm_rewarm,51,0.06543783098459244
0.8,r0.8_0,0.6431156811554433,warm_rewarm,52,0.06782542169094086
0.8,r0.8_0,0.6431156811554433,warm_rewarm,53,0.0657585859298706
0.8,r0.8_0,0.6431156811554433,warm_rewarm,54,0.06533559411764145
0.8,r0.8_0,0.6431156811554433,warm_rewarm,55,0.06592501699924469
0.8,r0.8_0,0.6431156811554433,warm_rewarm,56,0.06431594491004944
0.8,r0.8_0,0.6431156811554433,warm_rewarm,57,0.06542693823575974
0.8,r0.8_0,0.6431156811554433,warm_rewarm,58,0.0642683357000351
0.8,r0.8_0,0.6431156811554433,warm_rewarm,59,0.06349673122167587
0.8,r0.8_0,0.6431156811554433,warm_rewarm,60,0.0638146921992302
0.8,r0.8_0,0.6431156811554433,warm_rewarm,61,0.06402309983968735
0.8,r0.8_0,0.6431156811554433,warm_rewarm,62,0.06384725123643875
0.8,r0.8_0,0.6431156811554433,warm_rewarm,63,0.06293971836566925
0.8,r0.8_0,0.6431156811554433,warm_rewarm,64,0.06260985881090164
0.8,r0.8_0,0.6431156811554433,warm_rewarm,65,0.06291834264993668
0.8,r0.8_0,0.6431156811554433,warm_rewarm,66,0.06312131881713867
0.8,r0.8_0,0.6431156811554433,warm_rewarm,67,0.062128711491823196
0.8,r0.8_0,0.6431156811554433,warm_rewarm,68,0.06314749270677567
0.8,r0.8_0,0.6431156811554433,warm_rewarm,69,0.0621822290122509
0.8,r0.8_0,0.6431156811554433,warm_rewarm,70,0.06172037497162819
0.8,r0.8_0,0.6431156811554433,warm_rewarm,71,0.06131773814558983
0.8,r0.8_0,0.6431156811554433,warm_rewarm,72,0.061723269522190094
0.8,r0.8_0,0.6431156811554433,warm_rewarm,73,0.06144523248076439
0.8,r0.8_0,0.6431156811554433,warm_rewarm,74,0.06069048494100571
0.8,r0.8_0,0.6431156811554433,warm_rewarm,75,0.060943033546209335
0.8,r0.8_0,0.6431156811554433,warm_rewarm,76,0.060243770480155945
0.8,r0.8_0,0.6431156811554433,warm_rewarm,77,0.0610666498541832
0.8,r0.8_0,0.6431156811554433,warm_rewarm,78,0.06091361865401268
0.8,r0.8_0,0.6431156811554433,warm_rewarm,79,0.05998189374804497
0.8,r0.8_0,0.6431156811554433,warm_rewarm,80,0.059122707694768906
0.8,r0.8_0,0.6431156811554433,warm_rewarm,81,0.05963553860783577
0.8,r0.8_0,0.6431156811554433,warm_rewarm,82,0.06090295687317848
0.8,r0.8_0,0.6431156811554433,warm_rewarm,83,0.05996926873922348
0.8,r0.8_0,0.6431156811554433,warm_rewarm,84,0.05886155366897583
0.8,r0.8_0,0.6431156811554433,warm_rewarm,85,0.05956851318478584
0.8,r0.8_0,0.6431156811554433,warm_rewarm,86,0.05930532142519951
0.8,r0.8_0,0.6431156811554433,warm_rewarm,87,0.059660233557224274
0.8,r0.8_0,0.6431156811554433,warm_rewarm,88,0.05885141342878342
0.8,r0.8_0,0.6431156811554433,warm_rewarm,89,0.060114771127700806
0.8,r0.8_0,0.6431156811554433,warm_rewarm,90,0.058930933475494385
0.8,r0.8_0,0.6431156811554433,warm_rewarm,91,0.058572325855493546
0.8,r0.8_0,0.6431156811554433,warm_rewarm,92,0.05856040492653847
0.8,r0.8_0,0.6431156811554433,warm_rewarm,93,0.059274494647979736
0.8,r0.8_0,0.6431156811554433,warm_rewarm,94,0.05838051065802574
0.8,r0.8_0,0.6431156811554433,warm_rewarm,95,0.05824992433190346
0.8,r0.8_0,0.6431156811554433,warm_rewarm,96,0.05819573253393173
0.8,r0.8_0,0.6431156811554433,warm_rewarm,97,0.05891062691807747
0.8,r0.8_0,0.6431156811554433,warm_rewarm,98,0.057639230042696
0.8,r0.8_0,0.6431156811554433,warm_rewarm,99,0.0575593076646328
0.8,r0.8_0,0.6431156811554433,warm_rewarm,100,0.05708736181259155
0.8,r0.8_0,0.6431156811554433,warm_rewarm,101,0.05765225365757942
0.8,r0.8_0,0.6431156811554433,warm_rewarm,102,0.05731140077114105
0.8,r0.8_0,0.6431156811554433,warm_rewarm,103,0.05776859447360039
0.8,r0.8_0,0.6431156811554433,warm_rewarm,104,0.05698466673493385
0.8,r0.8_0,0.6431156811554433,warm_rewarm,105,0.05709518492221832
0.8,r0.8_0,0.6431156811554433,warm_rewarm,106,0.056924864649772644
0.8,r0.8_0,0.6431156811554433,warm_rewarm,107,0.05689501017332077
0.8,r0.8_0,0.6431156811554433,warm_rewarm,108,0.05740351229906082
0.8,r0.8_0,0.6431156811554433,warm_rewarm,109,0.05638924613595009
0.8,r0.8_0,0.6431156811554433,warm_rewarm,110,0.05677876994013786
0.8,r0.8_0,0.6431156811554433,warm_rewarm,111,0.0570613332092762
0.8,r0.8_0,0.6431156811554433,warm_rewarm,112,0.05616423115134239
0.8,r0.8_0,0.6431156811554433,warm_rewarm,113,0.05655037611722946
0.8,r0.8_0,0.6431156811554433,warm_rewarm,114,0.05708834156394005
0.8,r0.8_0,0.6431156811554433,warm_rewarm,115,0.056532908231019974
0.8,r0.8_0,0.6431156811554433,warm_rewarm,116,0.056466251611709595
0.8,r0.8_0,0.6431156811554433,warm_rewarm,117,0.056121159344911575
0.8,r0.8_0,0.6431156811554433,warm_rewarm,118,0.05644591525197029
0.8,r0.8_0,0.6431156811554433,warm_rewarm,119,0.05596787855029106
0.8,r0.8_0,0.6431156811554433,warm_rewarm,120,0.055609602481126785
0.8,r0.8_0,0.6431156811554433,warm_rewarm,121,0.05567784607410431
0.8,r0.8_0,0.6431156811554433,warm_rewarm,122,0.05606253445148468
0.8,r0.8_0,0.6431156811554433,warm_rewarm,123,0.05564721301198006
0.8,r0.8_0,0.6431156811554433,warm_rewarm,124,0.05603422969579697
0.8,r0.8_0,0.6431156811554433,warm_rewarm,125,0.05567259341478348
0.8,r0.8_0,0.6431156811554433,warm_rewarm,126,0.05595661699771881
0.8,r0.8_0,0.6431156811554433,warm_rewarm,127,0.055354878306388855
0.8,r0.8_0,0.6431156811554433,warm_rewarm,128,0.05520787090063095
0.8,r0.8_0,0.6431156811554433,warm_rewarm,129,0.05522635579109192
0.8,r0.8_0,0.6431156811554433,warm_rewarm,130,0.05531264469027519
0.8,r0.8_0,0.6431156811554433,warm_rewarm,131,0.05531955137848854
0.8,r0.8_0,0.6431156811554433,warm_rewarm,132,0.055669721215963364
0.8,r0.8_0,0.6431156811554433,warm_rewarm,133,0.055465612560510635
0.8,r0.8_0,0.6431156811554433,warm_rewarm,134,0.05548235401511192
0.8,r0.8_0,0.6431156811554433,warm_rewarm,135,0.055066198110580444
0.8,r0.8_0,0.6431156811554433,warm_rewarm,136,0.0550060048699379
0.8,r0.8_0,0.6431156811554433,warm_rewarm,137,0.05532705783843994
0.8,r0.8_0,0.6431156811554433,warm_rewarm,138,0.05472416430711746
0.8,r0.8_0,0.6431156811554433,warm_rewarm,139,0.05582815036177635
0.8,r0.8_0,0.6431156811554433,warm_rewarm,140,0.054773543030023575
0.8,r0.8_0,0.6431156811554433,warm_rewarm,141,0.05505422502756119
0.8,r0.8_0,0.6431156811554433,warm_rewarm,142,0.05507981777191162
0.8,r0.8_0,0.6431156811554433,warm_rewarm,143,0.05510988458991051
0.8,r0.8_0,0.6431156811554433,warm_rewarm,144,0.054740797728300095
0.8,r0.8_0,0.6431156811554433,warm_rewarm,145,0.0541006363928318
0.8,r0.8_0,0.6431156811554433,warm_rewarm,146,0.054528262466192245
0.8,r0.8_0,0.6431156811554433,warm_rewarm,147,0.054431233555078506
0.8,r0.8_0,0.6431156811554433,warm_rewarm,148,0.05478628724813461
0.8,r0.8_0,0.6431156811554433,warm_rewarm,149,0.054649338126182556
0.8,r0.8_0,0.6431156811554433,warm_rewarm,150,0.05437028408050537
0.8,r0.8_0,0.6431156811554433,warm_rewarm,151,0.05434679239988327
0.8,r0.8_0,0.6431156811554433,warm_rewarm,152,0.05507379397749901
0.8,r0.8_0,0.6431156811554433,warm_rewarm,153,0.0543285608291626
0.8,r0.8_0,0.6431156811554433,warm_rewarm,154,0.0541287437081337
0.8,r0.8_0,0.6431156811554433,warm_rewarm,155,0.054426781833171844
0.8,r0.8_0,0.6431156811554433,warm_rewarm,156,0.054184675216674805
0.8,r0.8_0,0.6431156811554433,warm_rewarm,157,0.053940460085868835
0.8,r0.8_0,0.6431156811554433,warm_rewarm,158,0.054370418190956116
0.8,r0.8_0,0.6431156811554433,warm_rewarm,159,0.05470160022377968
0.8,r0.8_0,0.6431156811554433,warm_rewarm,160,0.054226431995630264
0.8,r0.8_0,0.6431156811554433,warm_rewarm,161,0.053942080587148666
0.8,r0.8_0,0.6431156811554433,warm_rewarm,162,0.05337414890527725
0.8,r0.8_0,0.6431156811554433,warm_rewarm,163,0.053863197565078735
0.8,r0.8_0,0.6431156811554433,warm_rewarm,164,0.054318785667419434
0.8,r0.8_0,0.6431156811554433,warm_rewarm,165,0.0537356473505497
0.8,r0.8_0,0.6431156811554433,warm_rewarm,166,0.053976234048604965
0.8,r0.8_0,0.6431156811554433,warm_rewarm,167,0.05364308878779411
0.8,r0.8_0,0.6431156811554433,warm_rewarm,168,0.05417657271027565
0.8,r0.8_0,0.6431156811554433,warm_rewarm,169,0.053768400102853775
0.8,r0.8_0,0.6431156811554433,warm_rewarm,170,0.05420513078570366
0.8,r0.8_0,0.6431156811554433,warm_rewarm,171,0.05383368581533432
0.8,r0.8_0,0.6431156811554433,warm_rewarm,172,0.05401651933789253
0.8,r0.8_0,0.6431156811554433,warm_rewarm,173,0.053785886615514755
0.8,r0.8_0,0.6431156811554433,warm_rewarm,174,0.053877491503953934
0.8,r0.8_0,0.6431156811554433,warm_rewarm,175,0.05343658849596977
0.8,r0.8_0,0.6431156811554433,warm_rewarm,176,0.053930964320898056
0.8,r0.8_0,0.6431156811554433,warm_rewarm,177,0.053447823971509933
0.8,r0.8_1,0.6716517889369059,scratch,0,0.5270386338233948
0.8,r0.8_1,0.6716517889369059,scratch,1,0.2915981709957123
0.8,r0.8_1,0.6716517889369059,scratch,2,0.2686106264591217
0.8,r0.8_1,0.6716517889369059,scratch,3,0.23622851073741913
0.8,r0.8_1,0.6716517889369059,scratch,4,0.19959776103496552
0.8,r0.8_1,0.6716517889369059,scratch,5,0.16666419804096222
0.8,r0.8_1,0.6716517889369059,scratch,6,0.15900073945522308
0.8,r0.8_1,0.6716517889369059,scratch,7,0.1457372009754181
0.8,r0.8_1,0.6716517889369059,scratch,8,0.1331474483013153
0.8,r0.8_1,0.6716517889369059,scratch,9,0.12405645847320557
0.8,r0.8_1,0.6716517889369059,scratch,10,0.1219811663031578
0.8,r0.8_1,0.6716517889369059,scratch,11,0.11700058728456497
0.8,r0.8_1,0.6716517889369059,scratch,12,0.12106982618570328
0.8,r0.8_1,0.6716517889369059,scratch,13,0.10950774699449539
0.8,r0.8_1,0.6716517889369059,scratch,14,0.11039835959672928
0.8,r0.8_1,0.6716517889369059,scratch,15,0.11060408502817154
0.8,r0.8_1,0.6716517889369059,scratch,16,0.10229302942752838
0.8,r0.8_1,0.6716517889369059,scratch,17,0.11016518622636795
0.8,r0.8_1,0.6716517889369059,scratch,18,0.10206200927495956
0.8,r0.8_1,0.6716517889369059,scratch,19,0.10154891014099121
0.8,r0.8_1,0.6716517889369059,scratch,20,0.10262979567050934
0.8,r0.8_1,0.6716517889369059,scratch,21,0.09502693265676498
0.8,r0.8_1,0.6716517889369059,scratch,22,0.09123408049345016
0.8,r0.8_1,0.6716517889369059,scratch,23,0.08826372772455215
0.8,r0.8_1,0.6716517889369059,scratch,24,0.09417811781167984
0.8,r0.8_1,0.6716517889369059,scratch,25,0.0907876193523407
0.8,r0.8_1,0.6716517889369059,scratch,26,0.09153608977794647
0.8,r0.8_1,0.6716517889369059,scratch,27,0.08856368064880371
0.8,r0.8_1,0.6716517889369059,scratch,28,0.09394817054271698
0.8,r0.8_1,0.6716517889369059,scratch,29,0.08455001562833786
0.8,r0.8_1,0.6716517889369059,scratch,30,0.08472724258899689
0.8,r0.8_1,0.6716517889369059,scratch,31,0.08917052298784256
0.8,r0.8_1,0.6716517889369059,scratch,32,0.087531678378582
0.8,r0.8_1,0.6716517889369059,scratch,33,0.08199550211429596
0.8,r0.8_1,0.6716517889369059,scratch,34,0.08388101309537888
0.8,r0.8_1,0.6716517889369059,scratch,35,0.08299913257360458
0.8,r0.8_1,0.6716517889369059,scratch,36,0.0826052725315094
0.8,r0.8_1,0.6716517889369059,scratch,37,0.07949676364660263
0.8,r0.8_1,0.6716517889369059,scratch,38,0.08318605273962021
0.8,r0.8_1,0.6716517889369059,scratch,39,0.0877731591463089
0.8,r0.8_1,0.6716517889369059,scratch,40,0.08008543401956558
0.8,r0.8_1,0.6716517889369059,scratch,41,0.08022569119930267
0.8,r0.8_1,0.6716517889369059,scratch,42,0.07736195623874664
0.8,r0.8_1,0.6716517889369059,scratch,43,0.07634714245796204
0.8,r0.8_1,0.6716517889369059,scratch,44,0.07552807033061981
0.8,r0.8_1,0.6716517889369059,scratch,45,0.07746787369251251
0.8,r0.8_1,0.6716517889369059,scratch,46,0.07827164232730865
0.8,r0.8_1,0.6716517889369059,scratch,47,0.07511337846517563
0.8,r0.8_1,0.6716517889369059,scratch,48,0.0747186690568924
0.8,r0.8_1,0.6716517889369059,scratch,49,0.07403264939785004
0.8,r0.8_1,0.6716517889369059,scratch,50,0.07840312272310257
0.8,r0.8_1,0.6716517889369059,scratch,51,0.07981877028942108
0.8,r0.8_1,0.6716517889369059,scratch,52,0.0747818723320961
0.8,r0.8_1,0.6716517889369059,scratch,53,0.07297169417142868
0.8,r0.8_1,0.6716517889369059,scratch,54,0.07385945320129395
0.8,r0.8_1,0.6716517889369059,scratch,55,0.07381463050842285
0.8,r0.8_1,0.6716517889369059,scratch,56,0.07024051994085312
0.8,r0.8_1,0.6716517889369059,scratch,57,0.0744500383734703
0.8,r0.8_1,0.6716517889369059,scratch,58,0.07127032428979874
0.8,r0.8_1,0.6716517889369059,scratch,59,0.07013753056526184
0.8,r0.8_1,0.6716517889369059,scratch,60,0.07208362966775894
0.8,r0.8_1,0.6716517889369059,scratch,61,0.06911945343017578
0.8,r0.8_1,0.6716517889369059,scratch,62,0.07020975649356842
0.8,r0.8_1,0.6716517889369059,scratch,63,0.07187671214342117
0.8,r0.8_1,0.6716517889369059,scratch,64,0.07084639370441437
0.8,r0.8_1,0.6716517889369059,scratch,65,0.06851576268672943
0.8,r0.8_1,0.6716517889369059,scratch,66,0.06750959157943726
0.8,r0.8_1,0.6716517889369059,scratch,67,0.06562081724405289
0.8,r0.8_1,0.6716517889369059,scratch,68,0.06756395846605301
0.8,r0.8_1,0.6716517889369059,scratch,69,0.06837642937898636
0.8,r0.8_1,0.6716517889369059,scratch,70,0.06894370168447495
0.8,r0.8_1,0.6716517889369059,scratch,71,0.07076817750930786
0.8,r0.8_1,0.6716517889369059,scratch,72,0.06659579277038574
0.8,r0.8_1,0.6716517889369059,scratch,73,0.0656387060880661
0.8,r0.8_1,0.6716517889369059,scratch,74,0.07005178183317184
0.8,r0.8_1,0.6716517889369059,scratch,75,0.06509314477443695
0.8,r0.8_1,0.6716517889369059,scratch,76,0.06820158660411835
0.8,r0.8_1,0.6716517889369059,scratch,77,0.06678938865661621
0.8,r0.8_1,0.6716517889369059,scratch,78,0.0684652328491211
0.8,r0.8_1,0.6716517889369059,scratch,79,0.0670912116765976
0.8,r0.8_1,0.6716517889369059,scratch,80,0.06676997244358063
0.8,r0.8_1,0.6716517889369059,scratch,81,0.06237711012363434
0.8,r0.8_1,0.6716517889369059,scratch,82,0.0653923973441124
0.8,r0.8_1,0.6716517889369059,scratch,83,0.0637962818145752
0.8,r0.8_1,0.6716517889369059,scratch,84,0.06453483551740646
0.8,r0.8_1,0.6716517889369059,scratch,85,0.06533214449882507
0.8,r0.8_1,0.6716517889369059,scratch,86,0.06690498441457748
0.8,r0.8_1,0.6716517889369059,scratch,87,0.06370100378990173
0.8,r0.8_1,0.6716517889369059,scratch,88,0.06258364766836166
0.8,r0.8_1,0.6716517889369059,scratch,89,0.06321454793214798
0.8,r0.8_1,0.6716517889369059,scratch,90,0.06425774842500687
0.8,r0.8_1,0.6716517889369059,scratch,91,0.06445756554603577
0.8,r0.8_1,0.6716517889369059,scratch,92,0.062425557523965836
0.8,r0.8_1,0.6716517889369059,scratch,93,0.0616096556186676
0.8,r0.8_1,0.6716517889369059,scratch,94,0.06424593180418015
0.8,r0.8_1,0.6716517889369059,scratch,95,0.06209218502044678
0.8,r0.8_1,0.6716517889369059,scratch,96,0.061259735375642776
0.8,r0.8_1,0.6716517889369059,scratch,97,0.06098621338605881
0.8,r0.8_1,0.6716517889369059,scratch,98,0.062408726662397385
0.8,r0.8_1,0.6716517889369059,scratch,99,0.06140926107764244
0.8,r0.8_1,0.6716517889369059,scratch,100,0.059278666973114014
0.8,r0.8_1,0.6716517889369059,scratch,101,0.05998235195875168
0.8,r0.8_1,0.6716517889369059,scratch,102,0.06342729181051254
0.8,r0.8_1,0.6716517889369059,scratch,103,0.061018094420433044
0.8,r0.8_1,0.6716517889369059,scratch,104,0.05898936092853546
0.8,r0.8_1,0.6716517889369059,scratch,105,0.06146852299571037
0.8,r0.8_1,0.6716517889369059,scratch,106,0.06131589040160179
0.8,r0.8_1,0.6716517889369059,scratch,107,0.06035272404551506
0.8,r0.8_1,0.6716517889369059,scratch,108,0.05989272519946098
0.8,r0.8_1,0.6716517889369059,scratch,109,0.06043758988380432
0.8,r0.8_1,0.6716517889369059,scratch,110,0.06278188526630402
0.8,r0.8_1,0.6716517889369059,scratch,111,0.05916481092572212
0.8,r0.8_1,0.6716517889369059,scratch,112,0.0594305656850338
0.8,r0.8_1,0.6716517889369059,scratch,113,0.06078523397445679
0.8,r0.8_1,0.6716517889369059,scratch,114,0.059196844696998596
0.8,r0.8_1,0.6716517889369059,scratch,115,0.05915800854563713
0.8,r0.8_1,0.6716517889369059,scratch,116,0.05783015489578247
0.8,r0.8_1,0.6716517889369059,scratch,117,0.05741003528237343
0.8,r0.8_1,0.6716517889369059,scratch,118,0.059425920248031616
0.8,r0.8_1,0.6716517889369059,scratch,119,0.057552214711904526
0.8,r0.8_1,0.6716517889369059,scratch,120,0.05810391530394554
0.8,r0.8_1,0.6716517889369059,scratch,121,0.05810733512043953
0.8,r0.8_1,0.6716517889369059,scratch,122,0.057201966643333435
0.8,r0.8_1,0.6716517889369059,scratch,123,0.06108579412102699
0.8,r0.8_1,0.6716517889369059,scratch,124,0.056467920541763306
0.8,r0.8_1,0.6716517889369059,scratch,125,0.059765301644802094
0.8,r0.8_1,0.6716517889369059,scratch,126,0.058326322585344315
0.8,r0.8_1,0.6716517889369059,scratch,127,0.056677378714084625
0.8,r0.8_1,0.6716517889369059,scratch,128,0.05690697953104973
0.8,r0.8_1,0.6716517889369059,scratch,129,0.057632219046354294
0.8,r0.8_1,0.6716517889369059,scratch,130,0.05827163904905319
0.8,r0.8_1,0.6716517889369059,scratch,131,0.057331010699272156
0.8,r0.8_1,0.6716517889369059,scratch,132,0.05560731142759323
0.8,r0.8_1,0.6716517889369059,scratch,133,0.05723877623677254
0.8,r0.8_1,0.6716517889369059,scratch,134,0.05643351376056671
0.8,r0.8_1,0.6716517889369059,scratch,135,0.0566633902490139
0.8,r0.8_1,0.6716517889369059,scratch,136,0.05532281473278999
0.8,r0.8_1,0.6716517889369059,scratch,137,0.054467346519231796
0.8,r0.8_1,0.6716517889369059,scratch,138,0.05590043216943741
0.8,r0.8_1,0.6716517889369059,scratch,139,0.05581395700573921
0.8,r0.8_1,0.6716517889369059,scratch,140,0.05684131011366844
0.8,r0.8_1,0.6716517889369059,scratch,141,0.05697844550013542
0.8,r0.8_1,0.6716517889369059,scratch,142,0.05671689659357071
0.8,r0.8_1,0.6716517889369059,scratch,143,0.05495459586381912
0.8,r0.8_1,0.6716517889369059,scratch,144,0.05691671743988991
0.8,r0.8_1,0.6716517889369059,scratch,145,0.055165451020002365
0.8,r0.8_1,0.6716517889369059,scratch,146,0.056934650987386703
0.8,r0.8_1,0.6716517889369059,scratch,147,0.056095268577337265
0.8,r0.8_1,0.6716517889369059,scratch,148,0.056207410991191864
0.8,r0.8_1,0.6716517889369059,scratch,149,0.05460800603032112
0.8,r0.8_1,0.6716517889369059,scratch,150,0.054872434586286545
0.8,r0.8_1,0.6716517889369059,scratch,151,0.05379173159599304
0.8,r0.8_1,0.6716517889369059,scratch,152,0.05444100499153137
0.8,r0.8_1,0.6716517889369059,scratch,153,0.05581226199865341
0.8,r0.8_1,0.6716517889369059,scratch,154,0.0553867407143116
0.8,r0.8_1,0.6716517889369059,scratch,155,0.05471602454781532
0.8,r0.8_1,0.6716517889369059,scratch,156,0.05577569827437401
0.8,r0.8_1,0.6716517889369059,scratch,157,0.0549921989440918
0.8,r0.8_1,0.6716517889369059,scratch,158,0.0547521710395813
0.8,r0.8_1,0.6716517889369059,scratch,159,0.05438413843512535
0.8,r0.8_1,0.6716517889369059,scratch,160,0.0543053075671196
0.8,r0.8_1,0.6716517889369059,scratch,161,0.053082965314388275
0.8,r0.8_1,0.6716517889369059,scratch,162,0.05415099859237671
0.8,r0.8_1,0.6716517889369059,scratch,163,0.05405598506331444
0.8,r0.8_1,0.6716517889369059,scratch,164,0.05434674397110939
0.8,r0.8_1,0.6716517889369059,scratch,165,0.055166542530059814
0.8,r0.8_1,0.6716517889369059,scratch,166,0.05491621047258377
0.8,r0.8_1,0.6716517889369059,scratch,167,0.053396645933389664
0.8,r0.8_1,0.6716517889369059,scratch,168,0.05331062898039818
0.8,r0.8_1,0.6716517889369059,scratch,169,0.05407869815826416
0.8,r0.8_1,0.6716517889369059,scratch,170,0.05533174052834511
0.8,r0.8_1,0.6716517889369059,scratch,171,0.05360138416290283
0.8,r0.8_1,0.6716517889369059,scratch,172,0.05518009141087532
0.8,r0.8_1,0.6716517889369059,scratch,173,0.05379961431026459
0.8,r0.8_1,0.6716517889369059,scratch,174,0.05312391743063927
0.8,r0.8_1,0.6716517889369059,scratch,175,0.054375387728214264
0.8,r0.8_1,0.6716517889369059,scratch,176,0.05335687845945358
0.8,r0.8_1,0.6716517889369059,warm,0,0.3731924593448639
0.8,r0.8_1,0.6716517889369059,warm,1,0.13592012226581573
0.8,r0.8_1,0.6716517889369059,warm,2,0.11349520087242126
0.8,r0.8_1,0.6716517889369059,warm,3,0.10094413161277771
0.8,r0.8_1,0.6716517889369059,warm,4,0.09473669528961182
0.8,r0.8_1,0.6716517889369059,warm,5,0.08794014900922775
0.8,r0.8_1,0.6716517889369059,warm,6,0.08640998601913452
0.8,r0.8_1,0.6716517889369059,warm,7,0.08190127462148666
0.8,r0.8_1,0.6716517889369059,warm,8,0.0815238207578659
0.8,r0.8_1,0.6716517889369059,warm,9,0.08024188876152039
0.8,r0.8_1,0.6716517889369059,warm,10,0.07763127237558365
0.8,r0.8_1,0.6716517889369059,warm,11,0.07630397379398346
0.8,r0.8_1,0.6716517889369059,warm,12,0.07385925203561783
0.8,r0.8_1,0.6716517889369059,warm,13,0.07484636455774307
0.8,r0.8_1,0.6716517889369059,warm,14,0.07166694104671478
0.8,r0.8_1,0.6716517889369059,warm,15,0.07108906656503677
0.8,r0.8_1,0.6716517889369059,warm,16,0.0726170614361763
0.8,r0.8_1,0.6716517889369059,warm,17,0.0711025521159172
0.8,r0.8_1,0.6716517889369059,warm,18,0.07040523737668991
0.8,r0.8_1,0.6716517889369059,warm,19,0.06753367185592651
0.8,r0.8_1,0.6716517889369059,warm,20,0.06636544317007065
0.8,r0.8_1,0.6716517889369059,warm,21,0.06791140884160995
0.8,r0.8_1,0.6716517889369059,warm,22,0.06527555733919144
0.8,r0.8_1,0.6716517889369059,warm,23,0.06491168588399887
0.8,r0.8_1,0.6716517889369059,warm,24,0.06549470126628876
0.8,r0.8_1,0.6716517889369059,warm,25,0.0649721771478653
0.8,r0.8_1,0.6716517889369059,warm,26,0.06293514370918274
0.8,r0.8_1,0.6716517889369059,warm,27,0.06337550282478333
0.8,r0.8_1,0.6716517889369059,warm,28,0.063735231757164
0.8,r0.8_1,0.6716517889369059,warm,29,0.06361366808414459
0.8,r0.8_1,0.6716517889369059,warm,30,0.06356868147850037
0.8,r0.8_1,0.6716517889369059,warm,31,0.06187671795487404
0.8,r0.8_1,0.6716517889369059,warm,32,0.06121813878417015
0.8,r0.8_1,0.6716517889369059,warm,33,0.06119924783706665
0.8,r0.8_1,0.6716517889369059,warm,34,0.06260249018669128
0.8,r0.8_1,0.6716517889369059,warm,35,0.06094865873456001
0.8,r0.8_1,0.6716517889369059,warm,36,0.059878312051296234
0.8,r0.8_1,0.6716517889369059,warm,37,0.06051468849182129
0.8,r0.8_1,0.6716517889369059,warm,38,0.05988883972167969
0.8,r0.8_1,0.6716517889369059,warm,39,0.06110597029328346
0.8,r0.8_1,0.6716517889369059,warm,40,0.05911886692047119
0.8,r0.8_1,0.6716517889369059,warm,41,0.05921152979135513
0.8,r0.8_1,0.6716517889369059,warm,42,0.06058037281036377
0.8,r0.8_1,0.6716517889369059,warm,43,0.059466201812028885
0.8,r0.8_1,0.6716517889369059,warm,44,0.059480294585227966
0.8,r0.8_1,0.6716517889369059,warm,45,0.0594528429210186
0.8,r0.8_1,0.6716517889369059,warm,46,0.05941013619303703
0.8,r0.8_1,0.6716517889369059,warm,47,0.05908716470003128
0.8,r0.8_1,0.6716517889369059,warm,48,0.05713406950235367
0.8,r0.8_1,0.6716517889369059,warm,49,0.05722751468420029
0.8,r0.8_1,0.6716517889369059,warm,50,0.05797499790787697
0.8,r0.8_1,0.6716517889369059,warm,51,0.05887894332408905
0.8,r0.8_1,0.6716517889369059,warm,52,0.05696278437972069
0.8,r0.8_1,0.6716517889369059,warm,53,0.05656474083662033
0.8,r0.8_1,0.6716517889369059,warm,54,0.05666124448180199
0.8,r0.8_1,0.6716517889369059,warm,55,0.05644901841878891
0.8,r0.8_1,0.6716517889369059,warm,56,0.05690878629684448
0.8,r0.8_1,0.6716517889369059,warm,57,0.05645892769098282
0.8,r0.8_1,0.6716517889369059,warm,58,0.056041765958070755
0.8,r0.8_1,0.6716517889369059,warm,59,0.05632225424051285
0.8,r0.8_1,0.6716517889369059,warm,60,0.05567105486989021
0.8,r0.8_1,0.6716517889369059,warm,61,0.05702140927314758
0.8,r0.8_1,0.6716517889369059,warm,62,0.05699263513088226
0.8,r0.8_1,0.6716517889369059,warm,63,0.055937521159648895
0.8,r0.8_1,0.6716517889369059,warm,64,0.055865328758955
0.8,r0.8_1,0.6716517889369059,warm,65,0.05656746029853821
0.8,r0.8_1,0.6716517889369059,warm,66,0.05492030456662178
0.8,r0.8_1,0.6716517889369059,warm,67,0.05468108877539635
0.8,r0.8_1,0.6716517889369059,warm,68,0.0552358441054821
0.8,r0.8_1,0.6716517889369059,warm,69,0.056552983820438385
0.8,r0.8_1,0.6716517889369059,warm,70,0.05427597835659981
0.8,r0.8_1,0.6716517889369059,warm,71,0.05545083433389664
0.8,r0.8_1,0.6716517889369059,warm,72,0.05469735711812973
0.8,r0.8_1,0.6716517889369059,warm,73,0.05593161657452583
0.8,r0.8_1,0.6716517889369059,warm,74,0.05483362451195717
0.8,r0.8_1,0.6716517889369059,warm,75,0.05499165132641792
0.8,r0.8_1,0.6716517889369059,warm,76,0.05493507906794548
0.8,r0.8_1,0.6716517889369059,warm,77,0.0544009692966938
0.8,r0.8_1,0.6716517889369059,warm,78,0.05456245690584183
0.8,r0.8_1,0.6716517889369059,warm,79,0.05441509187221527
0.8,r0.8_1,0.6716517889369059,warm,80,0.053816407918930054
0.8,r0.8_1,0.6716517889369059,warm,81,0.05413958802819252
0.8,r0.8_1,0.6716517889369059,warm,82,0.05390375852584839
0.8,r0.8_1,0.6716517889369059,warm,83,0.0546262189745903
0.8,r0.8_1,0.6716517889369059,warm,84,0.054273467510938644
0.8,r0.8_1,0.6716517889369059,warm,85,0.05500376597046852
0.8,r0.8_1,0.6716517889369059,warm,86,0.053723208606243134
0.8,r0.8_1,0.6716517889369059,warm,87,0.05391575023531914
0.8,r0.8_1,0.6716517889369059,warm,88,0.05436743050813675
0.8,r0.8_1,0.6716517889369059,warm,89,0.05369977653026581
0.8,r0.8_1,0.6716517889369059,warm,90,0.05294221639633179
0.8,r0.8_1,0.6716517889369059,warm,91,0.053384196013212204
0.8,r0.8_1,0.6716517889369059,warm,92,0.05365435779094696
0.8,r0.8_1,0.6716517889369059,warm,93,0.05316827818751335
0.8,r0.8_1,0.6716517889369059,warm,94,0.053180258721113205
0.8,r0.8_1,0.6716517889369059,warm,95,0.05435733124613762
0.8,r0.8_1,0.6716517889369059,warm,96,0.0529189370572567
0.8,r0.8_1,0.6716517889369059,warm,97,0.05314622446894646
0.8,r0.8_1,0.6716517889369059,warm,98,0.05288973078131676
0.8,r0.8_1,0.6716517889369059,warm,99,0.05313054472208023
0.8,r0.8_1,0.6716517889369059,warm,100,0.05263300985097885
0.8,r0.8_1,0.6716517889369059,warm,101,0.05329198017716408
0.8,r0.8_1,0.6716517889369059,warm,102,0.05303060635924339
0.8,r0.8_1,0.6716517889369059,warm,103,0.05331164598464966
0.8,r0.8_1,0.6716517889369059,warm,104,0.05284140259027481
0.8,r0.8_1,0.6716517889369059,warm,105,0.052880968898534775
0.8,r0.8_1,0.6716517889369059,warm,106,0.05235409736633301
0.8,r0.8_1,0.6716517889369059,warm,107,0.053043022751808167
0.8,r0.8_1,0.6716517889369059,warm,108,0.052641335874795914
0.8,r0.8_1,0.6716517889369059,warm,109,0.05250900611281395
0.8,r0.8_1,0.6716517889369059,warm,110,0.052072469145059586
0.8,r0.8_1,0.6716517889369059,warm,111,0.05234198272228241
0.8,r0.8_1,0.6716517889369059,warm,112,0.0521528497338295
0.8,r0.8_1,0.6716517889369059,warm,113,0.0527314655482769
0.8,r0.8_1,0.6716517889369059,warm,114,0.05221980810165405
0.8,r0.8_1,0.6716517889369059,warm,115,0.05283419415354729
0.8,r0.8_1,0.6716517889369059,warm,116,0.052474137395620346
0.8,r0.8_1,0.6716517889369059,warm,117,0.051573868840932846
0.8,r0.8_1,0.6716517889369059,warm,118,0.05223909392952919
0.8,r0.8_1,0.6716517889369059,warm,119,0.052396710962057114
0.8,r0.8_1,0.6716517889369059,warm,120,0.05204639211297035
0.8,r0.8_1,0.6716517889369059,warm,121,0.05213138833642006
0.8,r0.8_1,0.6716517889369059,warm,122,0.051992882043123245
0.8,r0.8_1,0.6716517889369059,warm,123,0.052087023854255676
0.8,r0.8_1,0.6716517889369059,warm,124,0.05257682129740715
0.8,r0.8_1,0.6716517889369059,warm,125,0.05226907134056091
0.8,r0.8_1,0.6716517889369059,warm,126,0.05267203971743584
0.8,r0.8_1,0.6716517889369059,warm,127,0.0518774650990963
0.8,r0.8_1,0.6716517889369059,warm,128,0.05233868956565857
0.8,r0.8_1,0.6716517889369059,warm,129,0.051869358867406845
0.8,r0.8_1,0.6716517889369059,warm,130,0.051841381937265396
0.8,r0.8_1,0.6716517889369059,warm,131,0.052530791610479355
0.8,r0.8_1,0.6716517889369059,warm,132,0.051382191479206085
0.8,r0.8_1,0.6716517889369059,warm,133,0.051820285618305206
0.8,r0.8_1,0.6716517889369059,warm,134,0.051585957407951355
0.8,r0.8_1,0.6716517889369059,warm,135,0.05215597525238991
0.8,r0.8_1,0.6716517889369059,warm,136,0.05169651657342911
0.8,r0.8_1,0.6716517889369059,warm,137,0.05184539780020714
0.8,r0.8_1,0.6716517889369059,warm,138,0.05177559331059456
0.8,r0.8_1,0.6716517889369059,warm,139,0.05166817829012871
0.8,r0.8_1,0.6716517889369059,warm,140,0.05123922973871231
0.8,r0.8_1,0.6716517889369059,warm,141,0.05122752860188484
0.8,r0.8_1,0.6716517889369059,warm,142,0.051958970725536346
0.8,r0.8_1,0.6716517889369059,warm,143,0.05148632079362869
0.8,r0.8_1,0.6716517889369059,warm,144,0.05152259021997452
0.8,r0.8_1,0.6716517889369059,warm,145,0.05116879194974899
0.8,r0.8_1,0.6716517889369059,warm,146,0.05187780410051346
0.8,r0.8_1,0.6716517889369059,warm,147,0.051272664219141006
0.8,r0.8_1,0.6716517889369059,warm,148,0.05168826878070831
0.8,r0.8_1,0.6716517889369059,warm,149,0.05152221769094467
0.8,r0.8_1,0.6716517889369059,warm,150,0.05131864175200462
0.8,r0.8_1,0.6716517889369059,warm,151,0.051524750888347626
0.8,r0.8_1,0.6716517889369059,warm,152,0.05102415382862091
0.8,r0.8_1,0.6716517889369059,warm,153,0.0510806143283844
0.8,r0.8_1,0.6716517889369059,warm,154,0.05153947323560715
0.8,r0.8_1,0.6716517889369059,warm,155,0.05089307576417923
0.8,r0.8_1,0.6716517889369059,warm,156,0.05140729993581772
0.8,r0.8_1,0.6716517889369059,warm,157,0.05110831558704376
0.8,r0.8_1,0.6716517889369059,warm,158,0.050984546542167664
0.8,r0.8_1,0.6716517889369059,warm,159,0.051892369985580444
0.8,r0.8_1,0.6716517889369059,warm,160,0.051121413707733154
0.8,r0.8_1,0.6716517889369059,warm,161,0.05125221982598305
0.8,r0.8_1,0.6716517889369059,warm,162,0.05084393545985222
0.8,r0.8_1,0.6716517889369059,warm,163,0.051506463438272476
0.8,r0.8_1,0.6716517889369059,warm,164,0.050976697355508804
0.8,r0.8_1,0.6716517889369059,warm,165,0.05154987797141075
0.8,r0.8_1,0.6716517889369059,warm,166,0.05115815997123718
0.8,r0.8_1,0.6716517889369059,warm,167,0.051245708018541336
0.8,r0.8_1,0.6716517889369059,warm,168,0.05136425793170929
0.8,r0.8_1,0.6716517889369059,warm,169,0.05086313188076019
0.8,r0.8_1,0.6716517889369059,warm,170,0.05108332633972168
0.8,r0.8_1,0.6716517889369059,warm_rewarm,0,0.5081562399864197
0.8,r0.8_1,0.6716517889369059,warm_rewarm,1,0.25942450761795044
0.8,r0.8_1,0.6716517889369059,warm_rewarm,2,0.22387707233428955
0.8,r0.8_1,0.6716517889369059,warm_rewarm,3,0.1839769035577774
0.8,r0.8_1,0.6716517889369059,warm_rewarm,4,0.15990802645683289
0.8,r0.8_1,0.6716517889369059,warm_rewarm,5,0.14554663002490997
0.8,r0.8_1,0.6716517889369059,warm_rewarm,6,0.13612525165081024
0.8,r0.8_1,0.6716517889369059,warm_rewarm,7,0.1263217329978943
0.8,r0.8_1,0.6716517889369059,warm_rewarm,8,0.11981596797704697
0.8,r0.8_1,0.6716517889369059,warm_rewarm,9,0.11480946093797684
0.8,r0.8_1,0.6716517889369059,warm_rewarm,10,0.10962271690368652
0.8,r0.8_1,0.6716517889369059,warm_rewarm,11,0.10715394467115402
0.8,r0.8_1,0.6716517889369059,warm_rewarm,12,0.1026221290230751
0.8,r0.8_1,0.6716517889369059,warm_rewarm,13,0.09980402141809464
0.8,r0.8_1,0.6716517889369059,warm_rewarm,14,0.09664326906204224
0.8,r0.8_1,0.6716517889369059,warm_rewarm,15,0.0959944948554039
0.8,r0.8_1,0.6716517889369059,warm_rewarm,16,0.09068653732538223
0.8,r0.8_1,0.6716517889369059,warm_rewarm,17,0.09053318202495575
0.8,r0.8_1,0.6716517889369059,warm_rewarm,18,0.08773933351039886
0.8,r0.8_1,0.6716517889369059,warm_rewarm,19,0.08614944666624069
0.8,r0.8_1,0.6716517889369059,warm_rewarm,20,0.08745436370372772
0.8,r0.8_1,0.6716517889369059,warm_rewarm,21,0.08428274840116501
0.8,r0.8_1,0.6716517889369059,warm_rewarm,22,0.08213348686695099
0.8,r0.8_1,0.6716517889369059,warm_rewarm,23,0.08014794439077377
0.8,r0.8_1,0.6716517889369059,warm_rewarm,24,0.0796714648604393
0.8,r0.8_1,0.6716517889369059,warm_rewarm,25,0.07860679179430008
0.8,r0.8_1,0.6716517889369059,warm_rewarm,26,0.07667399942874908
0.8,r0.8_1,0.6716517889369059,warm_rewarm,27,0.07550597935914993
0.8,r0.8_1,0.6716517889369059,warm_rewarm,28,0.07383652776479721
0.8,r0.8_1,0.6716517889369059,warm_rewarm,29,0.07426352053880692
0.8,r0.8_1,0.6716517889369059,warm_rewarm,30,0.07366971671581268
0.8,r0.8_1,0.6716517889369059,warm_rewarm,31,0.07208738476037979
0.8,r0.8_1,0.6716517889369059,warm_rewarm,32,0.07208862155675888
0.8,r0.8_1,0.6716517889369059,warm_rewarm,33,0.07084595412015915
0.8,r0.8_1,0.6716517889369059,warm_rewarm,34,0.07126034796237946
0.8,r0.8_1,0.6716517889369059,warm_rewarm,35,0.07061351835727692
0.8,r0.8_1,0.6716517889369059,warm_rewarm,36,0.07052634656429291
0.8,r0.8_1,0.6716517889369059,warm_rewarm,37,0.06905340403318405
0.8,r0.8_1,0.6716517889369059,warm_rewarm,38,0.06829602271318436
0.8,r0.8_1,0.6716517889369059,warm_rewarm,39,0.06806617230176926
0.8,r0.8_1,0.6716517889369059,warm_rewarm,40,0.06723712384700775
0.8,r0.8_1,0.6716517889369059,warm_rewarm,41,0.06708116084337234
0.8,r0.8_1,0.6716517889369059,warm_rewarm,42,0.06640929728746414
0.8,r0.8_1,0.6716517889369059,warm_rewarm,43,0.06569322198629379
0.8,r0.8_1,0.6716517889369059,warm_rewarm,44,0.06658409535884857
0.8,r0.8_1,0.6716517889369059,warm_rewarm,45,0.0647883266210556
0.8,r0.8_1,0.6716517889369059,warm_rewarm,46,0.06788858771324158
0.8,r0.8_1,0.6716517889369059,warm_rewarm,47,0.06453310698270798
0.8,r0.8_1,0.6716517889369059,warm_rewarm,48,0.06467324495315552
0.8,r0.8_1,0.6716517889369059,warm_rewarm,49,0.0635831207036972
0.8,r0.8_1,0.6716517889369059,warm_rewarm,50,0.06404703110456467
0.8,r0.8_1,0.6716517889369059,warm_rewarm,51,0.06308282166719437
0.8,r0.8_1,0.6716517889369059,warm_rewarm,52,0.06305083632469177
0.8,r0.8_1,0.6716517889369059,warm_rewarm,53,0.06230783089995384
0.8,r0.8_1,0.6716517889369059,warm_rewarm,54,0.06305254250764847
0.8,r0.8_1,0.6716517889369059,warm_rewarm,55,0.06137356162071228
0.8,r0.8_1,0.6716517889369059,warm_rewarm,56,0.061018869280815125
0.8,r0.8_1,0.6716517889369059,warm_rewarm,57,0.06136409193277359
0.8,r0.8_1,0.6716517889369059,warm_rewarm,58,0.061477210372686386
0.8,r0.8_1,0.6716517889369059,warm_rewarm,59,0.061486490070819855
0.8,r0.8_1,0.6716517889369059,warm_rewarm,60,0.060344453901052475
0.8,r0.8_1,0.6716517889369059,warm_rewarm,61,0.059552717953920364
0.8,r0.8_1,0.6716517889369059,warm_rewarm,62,0.06059728190302849
0.8,r0.8_1,0.6716517889369059,warm_rewarm,63,0.060048483312129974
0.8,r0.8_1,0.6716517889369059,warm_rewarm,64,0.06020582467317581
0.8,r0.8_1,0.6716517889369059,warm_rewarm,65,0.05876543000340462
0.8,r0.8_1,0.6716517889369059,warm_rewarm,66,0.06089049577713013
0.8,r0.8_1,0.6716517889369059,warm_rewarm,67,0.059649012982845306
0.8,r0.8_1,0.6716517889369059,warm_rewarm,68,0.05952323228120804
0.8,r0.8_1,0.6716517889369059,warm_rewarm,69,0.05871616676449776
0.8,r0.8_1,0.6716517889369059,warm_rewarm,70,0.0586627759039402
0.8,r0.8_1,0.6716517889369059,warm_rewarm,71,0.05812051519751549
0.8,r0.8_1,0.6716517889369059,warm_rewarm,72,0.058762989938259125
0.8,r0.8_1,0.6716517889369059,warm_rewarm,73,0.05824200436472893
0.8,r0.8_1,0.6716517889369059,warm_rewarm,74,0.05771847069263458
0.8,r0.8_1,0.6716517889369059,warm_rewarm,75,0.0574219673871994
0.8,r0.8_1,0.6716517889369059,warm_rewarm,76,0.05725608021020889
0.8,r0.8_1,0.6716517889369059,warm_rewarm,77,0.05687125399708748
0.8,r0.8_1,0.6716517889369059,warm_rewarm,78,0.05700719356536865
0.8,r0.8_1,0.6716517889369059,warm_rewarm,79,0.05697067454457283
0.8,r0.8_1,0.6716517889369059,warm_rewarm,80,0.05697151646018028
0.8,r0.8_1,0.6716517889369059,warm_rewarm,81,0.057863496243953705
0.8,r0.8_1,0.6716517889369059,warm_rewarm,82,0.057173967361450195
0.8,r0.8_1,0.6716517889369059,warm_rewarm,83,0.05659858137369156
0.8,r0.8_1,0.6716517889369059,warm_rewarm,84,0.05647740513086319
0.8,r0.8_1,0.6716517889369059,warm_rewarm,85,0.0568799264729023
0.8,r0.8_1,0.6716517889369059,warm_rewarm,86,0.05560607463121414
0.8,r0.8_1,0.6716517889369059,warm_rewarm,87,0.056272514164447784
0.8,r0.8_1,0.6716517889369059,warm_rewarm,88,0.05626556649804115
0.8,r0.8_1,0.6716517889369059,warm_rewarm,89,0.055901478976011276
0.8,r0.8_1,0.6716517889369059,warm_rewarm,90,0.05557442829012871
0.8,r0.8_1,0.6716517889369059,warm_rewarm,91,0.055796828120946884
0.8,r0.8_1,0.6716517889369059,warm_rewarm,92,0.05495953559875488
0.8,r0.8_1,0.6716517889369059,warm_rewarm,93,0.05404971167445183
0.8,r0.8_1,0.6716517889369059,warm_rewarm,94,0.054818179458379745
0.8,r0.8_1,0.6716517889369059,warm_rewarm,95,0.054200369864702225
0.8,r0.8_1,0.6716517889369059,warm_rewarm,96,0.0548282191157341
0.8,r0.8_1,0.6716517889369059,warm_rewarm,97,0.05643699690699577
0.8,r0.8_1,0.6716517889369059,warm_rewarm,98,0.05458412691950798
0.8,r0.8_1,0.6716517889369059,warm_rewarm,99,0.054823119193315506
0.8,r0.8_1,0.6716517889369059,warm_rewarm,100,0.05474482476711273
0.8,r0.8_1,0.6716517889369059,warm_rewarm,101,0.054430555552244186
0.8,r0.8_1,0.6716517889369059,warm_rewarm,102,0.0539872869849205
0.8,r0.8_1,0.6716517889369059,warm_rewarm,103,0.05437115207314491
0.8,r0.8_1,0.6716517889369059,warm_rewarm,104,0.05405132472515106
0.8,r0.8_1,0.6716517889369059,warm_rewarm,105,0.05382534861564636
0.8,r0.8_1,0.6716517889369059,warm_rewarm,106,0.05443596839904785
0.8,r0.8_1,0.6716517889369059,warm_rewarm,107,0.0543958805501461
0.8,r0.8_1,0.6716517889369059,warm_rewarm,108,0.054360680282115936
0.8,r0.8_1,0.6716517889369059,warm_rewarm,109,0.05418027192354202
0.8,r0.8_1,0.6716517889369059,warm_rewarm,110,0.053854767233133316
0.8,r0.8_1,0.6716517889369059,warm_rewarm,111,0.05412966012954712
0.8,r0.8_1,0.6716517889369059,warm_rewarm,112,0.05413597449660301
0.8,r0.8_1,0.6716517889369059,warm_rewarm,113,0.05344600975513458
0.8,r0.8_1,0.6716517889369059,warm_rewarm,114,0.05358349159359932
0.8,r0.8_1,0.6716517889369059,warm_rewarm,115,0.0538342110812664
0.8,r0.8_1,0.6716517889369059,warm_rewarm,116,0.05319664999842644
0.8,r0.8_1,0.6716517889369059,warm_rewarm,117,0.05327135697007179
0.8,r0.8_1,0.6716517889369059,warm_rewarm,118,0.05306548997759819
0.8,r0.8_1,0.6716517889369059,warm_rewarm,119,0.05280447378754616
0.8,r0.8_1,0.6716517889369059,warm_rewarm,120,0.052674490958452225
0.8,r0.8_1,0.6716517889369059,warm_rewarm,121,0.053159210830926895
0.8,r0.8_1,0.6716517889369059,warm_rewarm,122,0.0529157929122448
0.8,r0.8_1,0.6716517889369059,warm_rewarm,123,0.05305081233382225
0.8,r0.8_1,0.6716517889369059,warm_rewarm,124,0.05258912220597267
0.8,r0.8_1,0.6716517889369059,warm_rewarm,125,0.05234501510858536
0.8,r0.8_1,0.6716517889369059,warm_rewarm,126,0.052584145218133926
0.8,r0.8_1,0.6716517889369059,warm_rewarm,127,0.05185734108090401
0.8,r0.8_1,0.6716517889369059,warm_rewarm,128,0.05249806493520737
0.8,r0.8_1,0.6716517889369059,warm_rewarm,129,0.05241385102272034
0.8,r0.8_1,0.6716517889369059,warm_rewarm,130,0.052422430366277695
0.8,r0.8_1,0.6716517889369059,warm_rewarm,131,0.05236911401152611
0.8,r0.8_1,0.6716517889369059,warm_rewarm,132,0.05182179808616638
0.8,r0.8_1,0.6716517889369059,warm_rewarm,133,0.05251120403409004
0.8,r0.8_1,0.6716517889369059,warm_rewarm,134,0.051556460559368134
0.8,r0.8_1,0.6716517889369059,warm_rewarm,135,0.05199706554412842
0.8,r0.8_1,0.6716517889369059,warm_rewarm,136,0.05194743350148201
0.8,r0.8_1,0.6716517889369059,warm_rewarm,137,0.051834505051374435
0.8,r0.8_1,0.6716517889369059,warm_rewarm,138,0.05183396115899086
0.8,r0.8_1,0.6716517889369059,warm_rewarm,139,0.05167869105935097
0.8,r0.8_1,0.6716517889369059,warm_rewarm,140,0.051849666982889175
0.8,r0.8_1,0.6716517889369059,warm_rewarm,141,0.051615890115499496
0.8,r0.8_1,0.6716517889369059,warm_rewarm,142,0.051615871489048004
0.8,r0.8_1,0.6716517889369059,warm_rewarm,143,0.05170920491218567
0.8,r0.8_1,0.6716517889369059,warm_rewarm,144,0.05174819007515907
0.8,r0.8_1,0.6716517889369059,warm_rewarm,145,0.051552772521972656
0.8,r0.8_1,0.6716517889369059,warm_rewarm,146,0.05220329388976097
0.8,r0.8_1,0.6716517889369059,warm_rewarm,147,0.051755376160144806
0.8,r0.8_1,0.6716517889369059,warm_rewarm,148,0.05125065892934799
0.8,r0.8_1,0.6716517889369059,warm_rewarm,149,0.05168662592768669
0.8,r0.8_1,0.6716517889369059,warm_rewarm,150,0.05168548598885536
0.8,r0.8_1,0.6716517889369059,warm_rewarm,151,0.0512709841132164
0.8,r0.8_1,0.6716517889369059,warm_rewarm,152,0.050932884216308594
0.8,r0.8_1,0.6716517889369059,warm_rewarm,153,0.0509650856256485
0.8,r0.8_1,0.6716517889369059,warm_rewarm,154,0.0510808564722538
0.8,r0.8_1,0.6716517889369059,warm_rewarm,155,0.051026348024606705
0.8,r0.8_1,0.6716517889369059,warm_rewarm,156,0.05148401856422424
0.8,r0.8_1,0.6716517889369059,warm_rewarm,157,0.0506599023938179
0.8,r0.8_1,0.6716517889369059,warm_rewarm,158,0.05130624398589134
0.8,r0.8_1,0.6716517889369059,warm_rewarm,159,0.050978079438209534
0.8,r0.8_1,0.6716517889369059,warm_rewarm,160,0.05078897997736931
0.8,r0.8_1,0.6716517889369059,warm_rewarm,161,0.05039605498313904
0.8,r0.8_1,0.6716517889369059,warm_rewarm,162,0.050852205604314804
0.8,r0.8_1,0.6716517889369059,warm_rewarm,163,0.0510682575404644
0.8,r0.8_1,0.6716517889369059,warm_rewarm,164,0.05089116469025612
0.8,r0.8_1,0.6716517889369059,warm_rewarm,165,0.05073678493499756
0.8,r0.8_1,0.6716517889369059,warm_rewarm,166,0.051021113991737366
0.8,r0.8_1,0.6716517889369059,warm_rewarm,167,0.05043478682637215
0.8,r0.8_1,0.6716517889369059,warm_rewarm,168,0.05080415681004524
0.8,r0.8_1,0.6716517889369059,warm_rewarm,169,0.050705939531326294
0.8,r0.8_1,0.6716517889369059,warm_rewarm,170,0.05022142082452774
0.8,r0.8_1,0.6716517889369059,warm_rewarm,171,0.05067657306790352
0.8,r0.8_1,0.6716517889369059,warm_rewarm,172,0.0504603274166584
0.8,r0.8_1,0.6716517889369059,warm_rewarm,173,0.05038789287209511
0.8,r0.8_1,0.6716517889369059,warm_rewarm,174,0.050687920302152634
0.8,r0.8_1,0.6716517889369059,warm_rewarm,175,0.05072944983839989
0.8,r0.8_1,0.6716517889369059,warm_rewarm,176,0.05079050362110138
0.8,r0.8_1,0.6716517889369059,warm_rewarm,177,0.05024950951337814
0.8,r0.8_1,0.6716517889369059,warm_rewarm,178,0.05033470690250397
0.8,r0.8_1,0.6716517889369059,warm_rewarm,179,0.05008770525455475
0.8,r0.8_1,0.6716517889369059,warm_rewarm,180,0.05036064609885216
0.8,r0.8_1,0.6716517889369059,warm_rewarm,181,0.05024741590023041
0.8,r0.8_1,0.6716517889369059,warm_rewarm,182,0.05015045776963234
0.8,r0.8_1,0.6716517889369059,warm_rewarm,183,0.05001932755112648
0.8,r0.8_1,0.6716517889369059,warm_rewarm,184,0.05004506558179855
0.8,r0.8_1,0.6716517889369059,warm_rewarm,185,0.050420474261045456
0.8,r0.8_1,0.6716517889369059,warm_rewarm,186,0.05012867972254753
0.8,r0.8_1,0.6716517889369059,warm_rewarm,187,0.05020477622747421
0.8,r0.8_1,0.6716517889369059,warm_rewarm,188,0.050230953842401505
0.8,r0.8_1,0.6716517889369059,warm_rewarm,189,0.05020764470100403
0.8,r0.8_1,0.6716517889369059,warm_rewarm,190,0.050101686269044876
0.8,r0.8_1,0.6716517889369059,warm_rewarm,191,0.05010420083999634
0.8,r0.8_1,0.6716517889369059,warm_rewarm,192,0.05015592277050018
0.8,r0.8_1,0.6716517889369059,warm_rewarm,193,0.05009252205491066
0.8,r0.8_1,0.6716517889369059,warm_rewarm,194,0.05023873969912529
